"";"country";"reach";"employment";"temp_contract";"autonomy_selection";"autonomy_emphasis";"ethics_1";"ethics_2";"ethics_3";"ethics_4";"work_experience";"trust_parliament";"trust_government";"trust_parties";"trust_politicians"
"1";"Germany";"National";"Full-time";"Permanent";5;4;2;3;2;1;10;3;3;3;3
"2";"Germany";"National";"Full-time";"Permanent";3;4;1;2;2;1;7;4;4;3;3
"3";"Switzerland";"Regional";"Full-time";"Permanent";4;4;2;4;2;1;6;4;4;3;3
"4";"Switzerland";"Local";"Part-time";"Permanent";4;5;1;3;1;2;7;4;4;3;3
"5";"Austria";"National";"Part-time";"Permanent";4;4;2;3;2;1;15;3;2;2;2
"6";"Switzerland";"Local";"Freelancer";NA;4;4;2;4;4;3;27;4;4;3;2
"7";"Germany";"Local";"Full-time";"Permanent";4;4;1;3;2;2;24;2;1;3;2
"8";"Denmark";"National";"Full-time";"Permanent";3;3;2;4;4;4;11;4;3;3;3
"9";"Switzerland";"Local";"Full-time";"Permanent";5;5;1;2;1;3;25;1;1;1;1
"10";"Denmark";"National";"Full-time";"Permanent";2;4;1;4;4;4;4;3;3;3;3
"11";"Austria";"Local";"Full-time";"Permanent";5;5;1;1;2;1;8;3;2;2;2
"12";"Denmark";"National";"Freelancer";NA;4;4;2;4;2;4;25;3;3;3;3
"13";"UK";"Regional";"Full-time";"Permanent";3;4;1;2;4;2;10;3;2;2;2
"14";"UK";"Transnational";"Full-time";"Permanent";4;5;2;4;4;4;5;3;2;2;2
"15";"Austria";"National";"Full-time";"Permanent";3;3;1;4;4;4;23;3;2;2;1
"16";"Denmark";"National";"Freelancer";NA;5;5;3;4;3;3;25;4;2;3;3
"17";"UK";"Transnational";"Full-time";"Permanent";4;4;1;4;2;3;11;2;3;2;2
"18";"Switzerland";"Regional";"Full-time";"Permanent";4;4;2;4;3;4;8;3;3;3;3
"19";"Switzerland";"National";"Part-time";"Permanent";4;4;1;1;1;2;32;3;4;3;3
"20";"Denmark";"National";"Full-time";"Permanent";4;4;1;4;2;5;21;3;3;2;3
"21";"Switzerland";"Regional";"Full-time";"Permanent";3;4;1;1;2;1;13;3;3;3;3
"22";"Denmark";"National";"Full-time";"Permanent";3;2;1;2;3;4;19;2;2;2;2
"23";"Denmark";"National";"Full-time";"Permanent";2;3;2;4;4;4;9;3;3;2;3
"24";"UK";"Transnational";"Freelancer";NA;4;4;1;3;3;4;29;4;4;4;4
"25";"Austria";"National";"Full-time";"Permanent";4;4;1;3;2;1;30;3;3;2;2
"26";"Germany";"Local";"Full-time";"Permanent";5;5;1;4;2;3;20;4;3;4;3
"27";"Germany";"Regional";"Freelancer";NA;2;4;1;4;1;1;20;3;3;1;2
"28";"Switzerland";"Regional";"Full-time";"Permanent";4;5;1;5;4;1;20;2;2;2;1
"29";"Austria";"Regional";"Full-time";"Permanent";4;4;1;3;5;1;30;3;3;3;2
"30";"Denmark";"National";"Freelancer";NA;4;4;1;1;1;1;35;3;3;3;3
"31";"Denmark";"National";"Full-time";"Permanent";4;5;2;2;1;4;25;3;3;3;3
"32";"Denmark";"National";"Full-time";"Temporary";4;3;4;5;2;4;2;3;3;2;3
"33";"Denmark";"Local";"Full-time";"Permanent";4;4;1;4;4;3;8;4;4;4;4
"34";"Denmark";"National";"Full-time";"Permanent";3;4;5;2;1;1;23;3;2;2;2
"35";"Denmark";"National";"Full-time";"Permanent";4;4;4;2;2;4;29;3;3;3;3
"36";"Denmark";"National";"Freelancer";NA;2;3;2;1;4;2;23;4;2;2;2
"37";"Denmark";"National";"Freelancer";NA;4;3;3;4;3;4;4;2;2;2;3
"38";"Denmark";"National";"Full-time";"Permanent";5;5;2;3;2;2;5;3;2;2;2
"39";"Germany";"National";"Full-time";"Permanent";3;4;2;2;2;2;15;3;2;2;2
"40";"Denmark";"National";"Part-time";"Permanent";5;5;1;1;3;1;18;1;3;3;3
"41";"UK";"National";"Full-time";"Permanent";3;3;2;4;2;2;6;3;3;2;3
"42";"Germany";"Regional";"Full-time";"Permanent";4;4;2;3;3;1;7;4;3;3;3
"43";"Switzerland";"Local";"Full-time";"Permanent";5;5;1;3;3;3;1;3;3;2;2
"44";"Germany";"Local";"Full-time";"Permanent";5;5;1;2;2;2;35;4;4;3;2
"45";"UK";"Regional";"Full-time";"Permanent";3;4;2;4;2;4;30;3;3;2;2
"46";"Switzerland";"National";"Full-time";"Permanent";4;4;1;1;1;2;18;3;4;2;2
"47";"Austria";"National";"Freelancer";NA;5;5;1;2;2;2;40;3;3;3;3
"48";"UK";"Transnational";"Full-time";"Permanent";4;4;2;4;4;4;5;2;2;3;3
"49";"Denmark";"Regional";"Freelancer";NA;4;4;3;3;3;3;53;4;1;3;3
"50";"Denmark";"Regional";"Full-time";"Permanent";4;5;1;4;4;4;35;5;4;3;3
"51";"Germany";"National";"Part-time";"Permanent";4;4;1;4;2;2;40;2;1;2;2
"52";"Denmark";"Regional";"Freelancer";NA;3;4;2;4;2;4;30;2;2;2;2
"53";"Denmark";"National";"Full-time";"Permanent";4;5;1;1;2;1;25;4;3;2;3
"54";"Switzerland";"National";"Part-time";"Permanent";4;5;2;4;1;1;16;3;3;2;2
"55";"Denmark";"Regional";"Full-time";"Permanent";5;5;1;2;1;1;24;5;3;2;3
"56";"Germany";"Regional";"Full-time";"Permanent";4;5;1;3;3;2;35;3;2;2;2
"57";"UK";"Regional";"Full-time";"Permanent";4;5;1;1;1;1;25;5;3;3;3
"58";"Denmark";"National";"Full-time";"Permanent";5;5;1;2;2;1;16;4;2;2;1
"59";"Switzerland";"National";"Full-time";"Permanent";3;4;1;1;2;2;8;3;3;3;3
"60";"Germany";"Local";"Full-time";"Permanent";4;4;1;5;2;3;30;4;4;3;3
"61";"Denmark";"Regional";"Full-time";"Permanent";4;4;2;4;4;1;23;3;3;2;3
"62";"UK";"Local";"Full-time";"Permanent";2;3;1;3;4;3;15;3;1;2;2
"63";"Denmark";"National";"Full-time";"Permanent";4;5;2;4;2;2;13;3;3;3;3
"64";"Switzerland";"Regional";"Full-time";"Permanent";3;3;1;2;1;1;3;3;3;4;3
"65";"UK";"Regional";"Full-time";"Permanent";4;4;1;5;4;1;12;3;3;3;3
"66";"UK";"National";"Full-time";"Permanent";4;4;1;4;2;3;5;3;3;3;3
"67";"Germany";"Local";"Full-time";"Permanent";4;5;1;3;2;1;10;4;4;4;3
"68";"Denmark";"Regional";"Full-time";"Permanent";4;4;2;5;4;3;15;3;2;2;2
"69";"UK";"National";"Full-time";"Permanent";3;3;1;4;1;1;38;3;2;3;3
"70";"Denmark";"Local";"Full-time";"Permanent";3;3;1;4;2;4;7;2;4;2;2
"71";"Germany";"Regional";"Freelancer";NA;3;2;1;4;3;2;14;4;4;3;3
"72";"Switzerland";"Regional";"Full-time";"Permanent";5;5;1;3;2;2;2;4;4;3;3
"73";"Austria";"Regional";"Full-time";"Permanent";5;4;1;1;3;1;9;3;3;3;3
"74";"UK";"National";"Full-time";"Permanent";4;4;1;1;1;1;23;2;2;2;2
"75";"Denmark";"National";"Freelancer";NA;4;4;1;2;4;2;31;3;3;3;2
"76";"UK";"Regional";"Full-time";"Permanent";4;5;2;5;4;4;8;4;4;3;3
"77";"Austria";"National";"Full-time";"Permanent";5;5;1;5;2;2;19;2;2;2;2
"78";"Switzerland";"Regional";"Full-time";"Permanent";4;4;1;4;1;3;25;3;3;2;3
"79";"UK";"Regional";"Full-time";"Permanent";4;4;1;3;3;2;12;3;3;3;3
"80";"Switzerland";"Regional";"Full-time";"Temporary";4;4;2;4;2;3;4;4;4;3;3
"81";"Germany";"Regional";"Full-time";"Permanent";5;5;1;4;3;1;20;4;3;3;3
"82";"Denmark";"National";"Full-time";"Permanent";4;4;1;1;1;3;38;2;2;2;2
"83";"Denmark";"National";"Full-time";"Permanent";4;4;2;2;2;5;3;3;2;2;2
"84";"Switzerland";"Regional";"Freelancer";NA;2;3;2;3;4;3;10;3;3;2;3
"85";"UK";"National";"Full-time";"Permanent";3;4;3;4;2;4;15;2;2;2;2
"86";"Denmark";"Regional";"Full-time";"Temporary";2;2;1;2;2;4;3;3;2;1;2
"87";"Denmark";"National";"Full-time";"Permanent";3;4;3;4;3;4;16;3;3;3;3
"88";"Denmark";"National";"Full-time";"Permanent";4;4;2;2;1;4;24;4;3;3;4
"89";"Austria";"National";"Full-time";"Permanent";4;4;3;4;4;3;8;4;3;2;2
"90";"Denmark";"National";"Freelancer";NA;3;4;2;5;3;2;3;3;2;2;2
"91";"UK";"National";"Full-time";"Permanent";3;3;2;5;5;1;15;2;2;2;2
"92";"UK";"Transnational";"Full-time";"Permanent";4;5;1;4;4;4;NA;5;4;3;3
"93";"Denmark";"Regional";"Full-time";"Temporary";3;3;2;3;2;2;10;2;2;2;2
"94";"Austria";"National";"Full-time";"Permanent";3;4;1;4;3;2;12;3;3;3;3
"95";"Switzerland";"National";"Full-time";"Temporary";4;4;1;4;3;3;4;2;3;2;2
"96";"Denmark";"Regional";"Full-time";"Permanent";4;4;4;4;4;3;27;3;3;3;3
"97";"Denmark";"Local";"Full-time";"Permanent";4;4;1;1;1;1;19;3;2;2;2
"98";"UK";"Transnational";"Full-time";"Permanent";4;4;2;5;4;4;10;2;2;1;1
"99";"Denmark";"National";"Freelancer";NA;4;5;2;2;1;4;21;2;2;2;2
"100";"Denmark";"National";"Full-time";"Permanent";3;4;1;2;1;2;15;3;3;3;3
"101";"UK";"National";"Full-time";"Permanent";4;5;1;4;2;2;26;3;3;2;3
"102";"Germany";"Regional";"Freelancer";NA;5;4;1;1;1;1;10;3;2;2;3
"103";"UK";"Transnational";"Full-time";"Permanent";3;4;1;4;2;2;NA;2;3;2;3
"104";"Germany";"Regional";"Full-time";"Permanent";5;5;1;1;1;1;13;2;2;2;2
"105";"Germany";"Local";"Full-time";"Permanent";4;3;1;4;1;2;10;2;2;2;2
"106";"Denmark";"Regional";"Full-time";"Permanent";5;5;2;4;4;4;4;2;1;1;1
"107";"Austria";"National";"Part-time";"Permanent";4;4;1;2;2;2;25;3;3;3;3
"108";"Denmark";"National";"Full-time";"Permanent";4;3;1;1;1;4;30;3;4;3;2
"109";"Switzerland";"National";"Full-time";"Permanent";1;1;2;4;3;3;6;3;4;2;3
"110";"Austria";"Regional";"Full-time";"Permanent";3;4;1;3;4;2;NA;3;3;3;3
"111";"Denmark";"National";"Full-time";"Permanent";4;4;3;4;3;3;3;3;3;2;2
"112";"Switzerland";"Local";"Full-time";"Permanent";4;4;1;4;2;3;20;2;2;2;2
"113";"Germany";"Local";"Full-time";"Permanent";5;5;1;2;1;2;18;3;2;2;1
"114";"Switzerland";"National";"Full-time";"Temporary";5;5;1;5;4;1;1;3;3;3;3
"115";"Germany";"Regional";"Full-time";"Permanent";4;4;1;1;1;1;40;3;2;2;2
"116";"UK";"National";"Full-time";"Permanent";3;3;2;5;4;5;12;4;4;3;3
"117";"Austria";"National";"Full-time";"Permanent";4;4;1;2;1;1;29;3;2;2;2
"118";"Austria";"National";"Part-time";"Permanent";4;3;1;3;2;1;30;3;3;2;2
"119";"Denmark";"National";"Full-time";"Permanent";4;4;2;3;2;2;9;3;3;3;3
"120";"UK";"Transnational";"Full-time";"Permanent";5;5;1;5;5;1;20;3;3;2;2
"121";"Denmark";"National";"Full-time";"Permanent";4;4;3;3;1;4;10;3;3;3;3
"122";"UK";"Transnational";"Full-time";"Permanent";4;2;1;4;1;2;10;2;3;2;1
"123";"Denmark";"Regional";"Full-time";"Permanent";4;4;2;1;1;5;27;4;3;3;2
"124";"Germany";"Local";"Full-time";"Permanent";5;5;1;5;2;4;35;4;3;3;3
"125";"UK";"National";"Freelancer";NA;5;5;1;4;2;2;29;3;2;1;2
"126";"Austria";"National";"Part-time";"Permanent";4;5;1;3;3;3;42;3;3;3;2
"127";"Switzerland";"Regional";"Full-time";"Permanent";4;4;1;5;1;2;7;3;3;3;3
"128";"Switzerland";"National";"Part-time";"Permanent";4;3;2;5;3;2;2;3;4;3;3
"129";"Switzerland";"National";"Full-time";"Permanent";4;4;1;2;1;3;34;4;3;2;3
"130";"Austria";"Regional";"Full-time";"Permanent";5;4;3;4;4;1;19;3;2;3;2
"131";"UK";"Transnational";"Part-time";"Permanent";5;5;1;1;1;1;50;3;4;4;3
"132";"Switzerland";"Transnational";"Full-time";"Permanent";4;5;1;3;3;1;32;2;2;2;2
"133";"Switzerland";"National";"Part-time";NA;3;3;1;4;2;3;14;2;3;3;3
"134";"Denmark";"National";"Full-time";"Permanent";3;4;2;2;2;4;18;3;3;3;3
"135";"Austria";"Regional";"Full-time";"Permanent";4;5;2;1;2;1;29;3;3;2;3
"136";"Switzerland";"National";"Full-time";"Permanent";3;5;1;3;1;1;5;5;5;2;2
"137";"Denmark";"National";"Full-time";"Permanent";5;5;1;1;1;1;17;1;1;1;1
"138";"UK";"Transnational";"Full-time";"Permanent";5;5;1;1;1;1;15;3;3;2;3
"139";"Switzerland";"Local";"Full-time";"Permanent";4;5;1;4;1;2;5;4;4;3;3
"140";"Denmark";"National";"Full-time";"Permanent";3;4;2;5;4;4;10;1;1;1;1
"141";"Austria";"Regional";"Part-time";"Permanent";4;4;1;3;4;4;20;3;4;3;3
"142";"Austria";"Regional";"Full-time";"Permanent";4;4;5;2;4;2;13;5;4;3;3
"143";"Denmark";"National";"Full-time";NA;4;5;1;1;5;3;13;4;4;2;3
"144";"Denmark";"Local";"Part-time";"Permanent";4;4;1;4;4;3;4;2;2;2;2
"145";"Switzerland";"National";"Full-time";"Permanent";4;3;1;3;3;3;1;4;4;4;4
"146";"Austria";"National";"Full-time";"Permanent";3;4;1;3;2;2;23;4;4;3;3
"147";"Denmark";"Regional";"Full-time";"Permanent";5;4;2;4;3;3;21;3;3;2;3
"148";"Denmark";"Regional";"Full-time";"Permanent";4;5;1;4;4;2;19;3;1;2;2
"149";"Germany";"National";"Full-time";"Permanent";5;5;1;5;3;3;40;3;3;2;2
"150";"UK";"Transnational";"Full-time";"Permanent";5;5;1;1;1;1;20;3;2;2;2
"151";"Denmark";"National";"Full-time";"Permanent";3;3;2;2;3;5;29;3;3;3;3
"152";"Denmark";"National";"Full-time";NA;3;3;2;5;2;5;30;4;3;2;3
"153";"UK";"National";"Full-time";"Permanent";2;4;2;2;1;4;32;3;3;3;3
"154";"Switzerland";"National";"Full-time";"Temporary";4;4;1;5;2;1;1;4;4;4;3
"155";"Denmark";"National";"Full-time";"Permanent";3;4;2;2;1;4;16;3;3;3;3
"156";"UK";"National";"Full-time";"Permanent";3;4;1;5;4;3;3;3;3;3;3
"157";"Switzerland";"National";"Full-time";"Permanent";3;4;3;4;2;3;15;2;3;2;2
"158";"Austria";"National";"Full-time";"Permanent";4;4;1;3;2;2;12;2;2;2;2
"159";"Denmark";"Regional";"Full-time";"Permanent";4;4;1;2;4;2;23;3;2;1;2
"160";"Austria";"Regional";"Full-time";"Permanent";5;5;2;4;2;4;30;4;3;3;3
"161";"Germany";"Regional";"Full-time";"Permanent";5;5;1;4;2;1;33;4;4;2;3
"162";"Switzerland";"National";"Freelancer";NA;4;4;2;4;2;3;15;4;4;3;3
"163";"Denmark";"Local";"Full-time";"Permanent";3;3;2;2;2;4;16;1;1;1;1
"164";"Denmark";"National";"Freelancer";NA;4;4;1;2;4;4;8;2;1;1;1
"165";"Switzerland";"National";"Full-time";"Permanent";4;4;1;4;2;1;10;3;4;2;2
"166";"Denmark";"National";"Freelancer";NA;1;1;5;5;4;5;31;2;1;2;2
"167";"Denmark";"National";"Full-time";"Temporary";3;4;5;5;3;5;1;3;2;3;2
"168";"Denmark";"National";"Freelancer";NA;4;4;2;1;1;2;15;4;3;3;3
"169";"Switzerland";"Regional";"Full-time";"Permanent";5;5;1;1;2;3;4;3;3;3;2
"170";"Austria";"National";"Full-time";"Permanent";4;4;2;4;3;3;23;3;2;2;2
"171";"Austria";"Regional";"Part-time";"Permanent";4;4;2;4;3;2;27;4;4;3;3
"172";"UK";"Regional";"Full-time";"Permanent";3;3;2;4;2;3;28;3;3;3;3
"173";"Denmark";"National";"Full-time";NA;4;5;1;4;2;3;5;4;4;4;4
"174";"Austria";"National";"Freelancer";NA;4;5;1;4;3;2;19;4;2;2;3
"175";"Germany";"National";"Full-time";"Permanent";1;1;1;3;1;1;10;3;3;3;3
"176";"Denmark";"National";"Freelancer";NA;2;2;2;2;3;2;20;2;2;2;2
"177";"UK";"Transnational";"Full-time";"Permanent";4;4;2;5;4;3;7;2;2;2;2
"178";"Austria";"National";"Freelancer";NA;3;3;1;4;3;3;8;1;1;1;1
"179";"Denmark";"Regional";"Full-time";"Permanent";3;3;1;2;1;4;25;4;2;2;2
"180";"Switzerland";"Local";"Full-time";"Permanent";4;5;2;4;2;3;10;3;3;4;3
"181";"Denmark";"National";"Full-time";"Permanent";4;4;2;4;2;5;3;4;3;3;3
"182";"Austria";"Regional";"Full-time";"Permanent";4;4;1;3;2;2;1;2;2;2;2
"183";"Austria";"National";"Full-time";"Permanent";4;4;1;3;1;1;15;2;2;2;2
"184";"Denmark";"National";"Full-time";"Permanent";5;5;1;3;2;2;33;4;2;3;3
"185";"Austria";"National";"Part-time";"Permanent";4;4;1;2;2;1;23;3;3;3;3
"186";"Austria";"National";"Full-time";"Permanent";4;4;1;4;3;1;13;4;2;2;3
"187";"UK";"Local";"Full-time";"Permanent";4;4;1;1;1;1;35;3;3;3;3
"188";"Denmark";"Local";"Full-time";"Permanent";4;4;2;4;4;2;4;3;4;3;3
"189";"UK";"National";"Full-time";"Permanent";5;5;1;4;3;2;15;2;2;2;2
"190";"Germany";"Regional";"Full-time";"Temporary";5;5;2;3;1;2;30;3;3;2;1
"191";"Denmark";"National";"Full-time";"Permanent";2;4;1;2;2;2;9;3;1;1;1
"192";"Germany";"Regional";"Full-time";"Permanent";4;5;1;2;2;1;32;2;1;2;2
"193";"Austria";"Regional";"Full-time";"Permanent";5;5;2;4;4;4;28;3;3;2;2
"194";"Austria";"National";"Full-time";"Permanent";5;5;1;2;2;1;32;3;3;3;3
"195";"Austria";"National";"Full-time";"Permanent";4;5;1;4;3;3;12;2;2;2;2
"196";"Switzerland";"National";"Full-time";"Permanent";5;5;1;3;2;2;10;3;3;3;3
"197";"Denmark";"Regional";"Full-time";"Permanent";3;2;2;4;2;4;16;3;3;4;4
"198";"Denmark";"National";"Full-time";"Permanent";4;3;1;1;1;1;10;4;3;2;2
"199";"UK";"National";"Freelancer";NA;4;4;1;4;4;3;20;3;1;2;3
"200";"Germany";"Regional";"Full-time";"Permanent";4;5;2;3;3;3;30;3;3;3;3
"201";"Germany";"National";"Full-time";"Permanent";4;5;1;4;3;1;16;3;3;3;3
"202";"Germany";"Regional";"Full-time";"Permanent";4;4;1;4;3;2;20;4;4;3;3
"203";"Austria";"Transnational";"Full-time";"Permanent";3;5;2;4;3;2;16;4;3;3;3
"204";"Austria";"National";"Part-time";"Permanent";4;5;1;1;2;1;18;3;2;1;1
"205";"Denmark";"National";"Full-time";NA;4;4;2;4;4;5;28;3;2;2;2
"206";"UK";"National";"Full-time";"Permanent";3;3;1;3;4;2;30;3;3;3;3
"207";"Switzerland";"Regional";"Part-time";"Permanent";4;4;2;5;2;4;7;3;4;3;3
"208";"Denmark";"National";"Freelancer";NA;4;4;3;4;3;3;15;2;2;2;2
"209";"Switzerland";"Regional";"Full-time";"Permanent";4;4;1;3;2;5;8;3;3;3;2
"210";"Germany";"Local";"Full-time";"Permanent";5;5;1;4;2;2;30;3;3;1;1
"211";"Switzerland";"National";"Full-time";"Permanent";4;5;3;4;4;4;17;3;3;3;3
"212";"Denmark";"National";"Full-time";NA;4;4;3;3;2;4;19;2;2;2;2
"213";"Denmark";"National";"Full-time";"Permanent";2;3;5;5;1;5;18;3;3;1;3
"214";"Denmark";"National";"Full-time";"Permanent";4;4;1;5;4;4;7;2;2;2;2
"215";"Switzerland";"National";"Full-time";"Permanent";4;4;2;3;4;3;13;2;3;1;1
"216";"UK";"Regional";"Full-time";"Permanent";4;3;2;5;3;5;6;3;2;3;3
"217";"UK";"Regional";"Part-time";"Permanent";4;4;1;4;4;4;20;1;1;1;1
"218";"Denmark";"National";"Full-time";"Temporary";2;3;3;4;2;4;7;4;3;3;3
"219";"Switzerland";"Regional";"Full-time";"Permanent";4;4;1;4;2;2;18;3;3;3;3
"220";"UK";"Transnational";"Full-time";"Permanent";3;4;1;2;4;2;17;3;3;3;3
"221";"Denmark";"National";"Full-time";"Permanent";4;5;2;2;1;5;4;3;2;1;3
"222";"Austria";"National";"Full-time";"Permanent";4;4;1;4;4;4;20;3;2;2;2
"223";"UK";"Transnational";"Full-time";"Permanent";4;5;2;5;4;2;25;2;2;1;1
"224";"Switzerland";"Regional";"Full-time";"Permanent";4;4;2;4;2;2;13;4;4;3;3
"225";"UK";"National";"Freelancer";NA;4;2;1;2;4;3;10;3;3;3;3
"226";"UK";"National";"Full-time";"Permanent";4;4;1;2;2;3;13;2;3;2;3
"227";"Switzerland";"Regional";"Full-time";"Permanent";4;4;2;2;2;2;35;3;3;1;2
"228";"Germany";"National";"Full-time";"Permanent";4;4;2;4;2;2;25;3;1;2;3
"229";"UK";"National";"Freelancer";NA;4;3;2;2;2;3;12;1;1;1;1
"230";"Austria";"National";"Full-time";"Permanent";4;4;2;3;2;2;8;3;3;2;2
"231";"Austria";"Regional";"Full-time";"Permanent";4;5;2;4;2;2;13;2;2;2;2
"232";"Switzerland";"National";"Full-time";"Permanent";4;3;1;4;2;2;8;3;3;2;2
"233";"Austria";"National";"Freelancer";NA;3;4;1;2;2;3;1;3;2;2;2
"234";"Switzerland";"Regional";"Full-time";"Permanent";4;4;2;3;4;4;2;3;4;3;3
"235";"Switzerland";"National";"Part-time";"Permanent";3;3;1;3;1;1;20;2;3;2;2
"236";"UK";"Transnational";"Full-time";"Permanent";4;5;2;5;5;5;17;3;2;2;2
"237";"Denmark";"National";"Freelancer";NA;5;4;2;4;2;4;5;2;2;2;2
"238";"Germany";"Regional";"Full-time";"Permanent";4;4;1;2;1;4;24;4;3;3;3
"239";"Denmark";"Regional";"Full-time";"Permanent";4;4;2;3;2;2;30;3;3;2;3
"240";"Austria";"National";"Full-time";"Permanent";4;4;1;2;1;2;2;3;1;2;1
"241";"Germany";"Regional";"Full-time";"Permanent";5;5;1;1;1;1;17;4;3;3;3
"242";"Denmark";"National";"Full-time";"Permanent";3;4;2;2;1;4;5;3;3;2;2
"243";"Switzerland";"National";"Part-time";"Permanent";4;4;3;3;3;3;15;2;2;2;2
"244";"Denmark";"National";"Full-time";"Permanent";4;3;1;4;2;2;19;4;3;3;3
"245";"Denmark";"National";"Freelancer";NA;4;4;2;4;3;4;6;3;2;2;2
"246";"Denmark";"National";"Freelancer";NA;4;4;1;5;4;1;40;3;3;1;1
"247";"Denmark";"National";"Full-time";"Permanent";4;4;4;2;1;4;15;3;2;2;2
"248";"UK";"National";"Full-time";"Permanent";3;4;4;4;4;5;9;4;4;4;4
"249";"Switzerland";"Local";"Full-time";"Permanent";4;4;1;2;2;2;14;2;2;2;2
"250";"Denmark";"National";"Full-time";"Temporary";5;4;2;2;1;2;3;3;2;2;2
"251";"Denmark";"National";"Full-time";"Permanent";3;4;1;2;4;4;16;3;2;2;3
"252";"Austria";"National";"Part-time";NA;4;5;1;1;1;1;14;4;3;2;2
"253";"Switzerland";"Regional";"Part-time";"Permanent";4;4;1;5;2;4;10;4;4;3;4
"254";"Germany";"National";"Freelancer";NA;1;3;1;4;4;2;17;4;4;2;2
"255";"Austria";"National";"Part-time";"Permanent";4;4;1;4;2;1;13;4;3;3;3
"256";"Austria";"National";"Full-time";"Permanent";3;4;2;4;2;3;17;3;2;1;1
"257";"UK";"Regional";"Full-time";"Permanent";4;4;1;2;2;4;20;3;2;2;2
"258";"Germany";"Regional";"Full-time";"Permanent";5;5;3;1;1;3;27;4;4;3;3
"259";"Denmark";"Regional";"Full-time";"Permanent";4;4;3;3;2;4;42;3;3;3;3
"260";"Switzerland";"Local";"Full-time";"Permanent";4;4;2;4;3;3;24;3;3;3;2
"261";"Austria";"Regional";"Full-time";"Permanent";3;4;1;5;3;2;16;3;3;2;2
"262";"Austria";"National";"Full-time";"Permanent";3;3;2;4;2;1;10;4;3;3;2
"263";"UK";"Transnational";"Full-time";"Permanent";5;4;1;4;2;3;10;3;2;2;2
"264";"UK";"Transnational";"Full-time";"Permanent";5;4;2;1;2;4;22;4;4;3;3
"265";"UK";"Regional";"Full-time";"Permanent";4;5;1;5;2;1;14;4;4;4;3
"266";"Switzerland";"National";"Full-time";"Permanent";3;4;1;2;2;1;25;2;2;2;2
"267";"Denmark";"Regional";"Full-time";"Permanent";3;3;1;4;2;4;23;3;3;3;3
"268";"Germany";"National";"Full-time";"Permanent";4;5;1;1;1;1;33;4;3;3;3
"269";"Austria";"Regional";"Full-time";"Permanent";5;4;2;4;3;4;24;3;3;3;3
"270";"UK";"National";"Full-time";"Permanent";4;4;2;4;3;4;18;3;3;2;3
"271";"Germany";"National";"Part-time";"Permanent";3;4;1;4;3;3;25;3;3;2;2
"272";"UK";"Transnational";"Full-time";"Permanent";4;4;1;3;4;4;33;3;3;2;2
"273";"Austria";"Regional";"Full-time";"Permanent";3;3;1;4;3;2;17;3;3;2;3
"274";"UK";"National";"Full-time";"Permanent";4;3;3;5;2;4;6;3;3;3;3
"275";"Denmark";"National";"Full-time";"Permanent";4;3;2;4;1;5;15;2;2;1;1
"276";"Denmark";"National";"Full-time";"Permanent";5;5;1;2;2;2;26;3;4;4;3
"277";"Denmark";"National";"Full-time";"Permanent";4;5;3;3;3;3;NA;3;3;3;3
"278";"Germany";"Regional";"Full-time";"Temporary";4;4;2;4;3;3;1;3;3;3;2
"279";"Denmark";"National";"Freelancer";NA;4;5;4;2;2;4;28;3;2;2;2
"280";"Denmark";"National";"Full-time";"Permanent";4;4;1;4;3;3;20;4;3;2;2
"281";"Austria";"National";"Full-time";"Permanent";4;4;1;3;2;1;16;3;3;2;2
"282";"Austria";"Regional";"Full-time";"Permanent";4;4;1;5;3;2;20;3;3;3;3
"283";"Switzerland";"Regional";"Full-time";"Permanent";4;5;3;4;3;3;21;4;4;2;3
"284";"Germany";"National";"Full-time";"Permanent";5;5;1;4;3;1;18;5;5;4;4
"285";"Denmark";"National";"Full-time";"Temporary";4;4;5;3;1;5;4;2;2;1;1
"286";"Denmark";"National";"Full-time";"Permanent";3;3;2;1;3;1;41;2;2;2;2
"287";"Denmark";"National";"Freelancer";NA;3;4;3;2;2;4;43;3;3;2;2
"288";"Denmark";"National";"Full-time";"Permanent";2;2;4;4;2;5;5;2;2;1;2
"289";"Denmark";"National";"Full-time";"Permanent";1;2;1;3;2;4;35;1;1;1;3
"290";"Germany";"Regional";"Full-time";"Permanent";4;4;1;4;2;1;27;3;3;2;2
"291";"Austria";"National";"Full-time";"Permanent";3;4;1;3;2;1;17;4;4;3;3
"292";"UK";"National";"Full-time";"Permanent";3;4;4;4;4;5;6;2;1;3;3
"293";"Denmark";"National";"Full-time";"Permanent";4;4;2;4;2;4;6;3;3;3;3
"294";"Switzerland";"National";"Part-time";"Permanent";4;5;2;3;1;3;22;4;4;3;3
"295";"Switzerland";"Regional";"Full-time";"Permanent";4;4;1;2;1;1;40;2;2;1;2
"296";"Denmark";"Local";"Full-time";"Permanent";4;4;2;2;2;3;10;3;2;2;3
"297";"Switzerland";"National";"Part-time";"Permanent";3;3;1;5;2;3;4;3;3;3;3
"298";"UK";"Transnational";"Freelancer";NA;4;4;1;1;1;4;25;3;3;3;3
"299";"UK";"National";"Freelancer";NA;2;3;1;2;2;1;27;2;1;1;1
"300";"Denmark";"Local";"Full-time";"Permanent";4;5;1;4;4;1;28;4;4;3;3
"301";"Germany";"Regional";"Freelancer";NA;4;5;1;3;1;1;30;3;3;2;2
"302";"Germany";"Local";"Full-time";"Permanent";4;4;1;4;2;3;24;3;3;3;3
"303";"Switzerland";"Regional";"Part-time";"Permanent";5;4;2;5;1;3;2;3;2;3;3
"304";"UK";"Transnational";"Full-time";"Permanent";5;5;1;1;5;3;25;1;1;1;1
"305";"UK";"Transnational";"Freelancer";NA;5;5;1;2;4;1;16;3;4;3;3
"306";"Denmark";"National";"Full-time";"Permanent";4;4;2;4;1;4;10;3;2;2;3
"307";"UK";"National";"Full-time";"Permanent";5;5;1;5;2;5;25;1;1;1;1
"308";"UK";"Local";"Full-time";"Permanent";5;5;1;4;2;5;24;2;3;2;4
"309";"UK";"Local";"Full-time";"Permanent";5;5;1;4;3;3;28;3;3;2;2
"310";"Denmark";"National";"Full-time";"Permanent";2;4;1;2;2;3;28;4;3;2;2
"311";"Switzerland";"National";"Part-time";"Permanent";4;4;1;2;1;2;23;3;4;2;3
"312";"Switzerland";"National";"Full-time";"Permanent";4;4;2;4;2;3;10;4;3;3;4
"313";"Denmark";"National";"Full-time";NA;4;4;5;2;1;1;13;3;3;3;3
"314";"UK";"Transnational";"Full-time";"Permanent";5;5;2;4;4;4;35;3;4;2;3
"315";"Denmark";"National";"Full-time";"Permanent";4;3;4;4;2;2;5;3;2;2;2
"316";"Austria";"Regional";"Full-time";"Permanent";4;4;1;5;3;2;27;2;2;2;2
"317";"Switzerland";"Local";"Full-time";"Permanent";4;4;1;5;3;3;20;4;4;4;4
"318";"Denmark";"National";"Full-time";"Permanent";4;5;1;3;3;1;NA;1;1;1;1
"319";"Denmark";"National";"Full-time";"Permanent";3;4;1;4;3;4;19;3;3;3;3
"320";"Denmark";"National";"Full-time";"Permanent";4;4;1;2;2;1;30;3;2;2;2
"321";"Denmark";"Local";"Full-time";"Permanent";4;4;4;4;2;4;3;3;3;3;3
"322";"Austria";"National";"Full-time";"Permanent";4;4;1;1;1;1;10;3;3;3;3
"323";"Denmark";"National";"Full-time";"Permanent";4;5;2;4;2;4;4;3;3;3;3
"324";"UK";"National";"Full-time";"Permanent";5;5;1;5;1;4;51;2;3;2;3
"325";"Austria";"National";"Full-time";"Permanent";4;3;2;4;3;3;17;4;4;3;3
"326";"Germany";"Local";"Full-time";"Permanent";3;4;1;5;2;3;16;3;3;3;3
"327";"Switzerland";"National";"Part-time";"Permanent";4;4;2;4;2;2;9;3;4;2;3
"328";"Germany";"National";"Freelancer";NA;NA;NA;1;5;2;3;21;5;5;4;2
"329";"Austria";"Regional";"Full-time";"Permanent";3;4;1;5;2;1;8;2;1;1;1
"330";"Denmark";"National";"Freelancer";NA;4;4;5;5;1;5;7;4;3;4;4
"331";"Denmark";"Regional";"Full-time";"Permanent";4;4;4;4;2;4;10;2;2;2;2
"332";"Austria";"Regional";"Full-time";"Permanent";4;4;1;2;1;1;20;3;3;2;3
"333";"Denmark";"National";"Freelancer";NA;4;4;1;2;1;2;45;3;3;3;3
"334";"Austria";"National";"Full-time";"Permanent";3;4;1;3;2;1;30;2;3;2;3
"335";"UK";"National";"Full-time";"Permanent";2;2;2;4;3;2;40;3;3;3;3
"336";"Denmark";"National";"Full-time";"Temporary";4;4;2;5;2;4;5;2;1;1;2
"337";"Switzerland";"Regional";"Full-time";"Permanent";5;5;1;1;2;4;23;3;3;2;2
"338";"Denmark";"Regional";"Freelancer";NA;4;4;3;4;4;5;28;3;3;3;3
"339";"Denmark";"National";"Full-time";"Permanent";5;5;2;4;3;4;10;3;3;3;3
"340";"Germany";"Regional";"Full-time";"Permanent";3;4;2;2;3;2;15;4;4;3;3
"341";"Denmark";"National";"Freelancer";NA;3;4;1;2;2;4;12;4;4;4;4
"342";"Switzerland";"Regional";"Full-time";"Permanent";4;5;1;3;3;1;15;2;1;2;3
"343";"Denmark";"National";"Freelancer";NA;4;4;2;4;4;2;32;4;3;2;3
"344";"UK";"Transnational";"Full-time";"Permanent";3;4;2;5;2;5;4;3;3;3;3
"345";"Germany";"National";"Part-time";"Permanent";2;4;1;5;1;2;27;3;3;1;3
"346";"Denmark";"Local";"Full-time";"Permanent";5;5;3;5;5;4;19;3;3;3;3
"347";"Switzerland";"Regional";"Full-time";"Permanent";5;5;1;5;3;1;20;3;4;3;2
"348";"Austria";"National";"Part-time";"Permanent";4;5;1;3;2;1;35;4;3;3;3
"349";"Denmark";"National";"Full-time";"Temporary";5;5;1;3;2;3;10;2;2;2;2
"350";"Switzerland";"National";"Part-time";"Permanent";4;5;3;3;2;2;10;2;2;2;2
"351";"Denmark";"Regional";"Full-time";"Permanent";4;3;2;4;2;4;2;4;3;2;3
"352";"Denmark";"National";"Freelancer";NA;2;1;2;4;2;4;9;3;3;3;3
"353";"Austria";"National";"Full-time";"Permanent";4;4;1;3;2;1;17;3;3;3;3
"354";"Denmark";"National";"Full-time";"Permanent";4;5;2;4;4;4;8;4;3;3;3
"355";"Germany";"Regional";"Freelancer";NA;3;4;3;4;2;4;9;4;3;3;4
"356";"Austria";"Regional";"Full-time";"Permanent";4;5;1;3;2;3;NA;2;2;2;1
"357";"Germany";"National";"Full-time";"Permanent";3;3;1;2;2;2;10;2;3;2;2
"358";"Germany";"Regional";"Full-time";"Permanent";4;4;3;3;2;3;20;3;3;2;3
"359";"Denmark";"National";"Full-time";"Permanent";3;3;1;1;2;2;25;3;3;2;3
"360";"Denmark";"National";"Full-time";"Permanent";5;5;2;2;2;3;14;2;1;2;2
"361";"Denmark";"National";"Full-time";"Permanent";3;3;4;2;2;5;10;4;4;3;3
"362";"UK";"Regional";"Full-time";"Permanent";4;4;1;4;2;4;26;4;4;3;2
"363";"Austria";"Regional";"Full-time";"Permanent";4;4;2;5;5;4;23;2;2;1;2
"364";"Denmark";"Local";"Full-time";NA;4;3;2;4;2;4;30;2;2;2;2
"365";"Denmark";"National";"Full-time";"Permanent";4;4;2;2;2;1;17;4;3;3;3
"366";"Switzerland";"Transnational";"Full-time";"Temporary";4;4;2;4;2;2;1;3;3;2;2
"367";"Denmark";"National";"Freelancer";NA;3;3;2;2;2;2;5;2;2;2;2
"368";"Austria";"National";"Full-time";"Permanent";3;3;1;3;4;2;31;4;3;2;3
"369";"Switzerland";"Regional";"Part-time";"Permanent";3;4;1;4;2;2;8;4;4;2;3
"370";"UK";"National";"Full-time";"Permanent";3;3;1;1;1;4;20;3;3;3;3
"371";"Denmark";"National";"Full-time";"Permanent";4;4;4;4;4;4;30;4;3;2;3
"372";"Denmark";"National";"Part-time";"Permanent";5;5;1;2;1;2;10;1;1;1;1
"373";"Austria";"National";"Full-time";"Permanent";4;4;3;3;3;3;8;3;2;3;3
"374";"Switzerland";"Local";"Freelancer";NA;4;4;2;4;2;5;3;4;4;3;3
"375";"Denmark";"National";"Freelancer";NA;4;4;2;2;1;2;38;3;3;3;3
"376";"Germany";"National";"Part-time";"Permanent";3;1;1;3;1;3;30;3;2;3;2
"377";"UK";"National";"Full-time";"Permanent";2;5;2;5;3;5;10;1;1;1;1
"378";"Denmark";"Regional";"Freelancer";NA;5;3;1;1;2;4;16;5;4;2;3
"379";"Switzerland";"National";"Full-time";"Temporary";3;3;1;1;1;2;2;3;3;3;3
"380";"Switzerland";"National";"Part-time";"Permanent";4;4;1;4;2;2;19;4;5;3;2
"381";"Austria";"National";"Full-time";"Permanent";4;4;1;3;3;1;8;3;2;3;3
"382";"UK";"Transnational";"Full-time";"Permanent";4;5;1;3;1;2;5;5;3;3;2
"383";"UK";"National";"Full-time";"Permanent";5;5;1;2;2;1;30;2;1;1;1
"384";"Germany";"Local";"Full-time";"Permanent";5;5;2;5;2;3;19;5;4;2;3
"385";"Germany";"Regional";"Full-time";"Permanent";4;4;1;4;3;2;29;4;4;3;4
"386";"Denmark";"National";"Full-time";"Permanent";4;4;1;2;2;2;24;2;1;2;2
"387";"Switzerland";"National";"Part-time";"Permanent";4;4;3;3;3;3;15;4;4;3;3
"388";"UK";"Transnational";"Freelancer";NA;3;3;2;4;4;5;15;3;2;2;2
"389";"Germany";"Regional";"Freelancer";NA;2;4;2;3;1;3;17;4;4;3;3
"390";"Germany";"National";"Full-time";"Permanent";3;3;1;2;1;2;16;3;3;3;3
"391";"Austria";"National";"Full-time";"Permanent";4;4;2;4;1;1;21;3;1;1;1
"392";"Switzerland";"Local";"Full-time";"Permanent";3;4;2;3;2;3;6;4;4;3;3
"393";"Denmark";"Regional";"Full-time";"Permanent";2;2;1;4;2;2;8;3;2;2;2
"394";"Switzerland";"Regional";"Full-time";"Permanent";4;4;1;5;3;5;30;3;3;3;3
"395";"Switzerland";"National";"Full-time";"Permanent";4;5;2;2;1;5;1;4;4;2;3
"396";"UK";"Transnational";"Full-time";"Permanent";3;3;1;5;5;4;1;3;3;3;3
"397";"Switzerland";"National";"Part-time";"Permanent";4;4;2;4;2;1;21;4;4;4;4
"398";"Germany";"National";"Full-time";"Permanent";4;4;1;1;1;1;12;3;3;3;3
"399";"Germany";"Regional";"Freelancer";NA;5;5;1;1;1;1;26;4;4;3;3
"400";"Denmark";"National";"Full-time";"Permanent";5;5;1;3;1;3;7;3;3;3;2
"401";"UK";"Transnational";"Full-time";"Permanent";3;3;1;1;1;1;20;2;2;2;2
"402";"Denmark";"National";"Full-time";"Permanent";4;5;2;2;1;4;18;4;4;3;4
"403";"Austria";"Local";"Full-time";"Permanent";3;4;1;1;1;1;23;3;3;2;3
"404";"UK";"National";"Part-time";"Temporary";5;5;2;5;4;4;30;2;2;2;1
"405";"Switzerland";"Local";"Full-time";"Permanent";4;5;2;4;4;3;15;3;3;2;2
"406";"Germany";"National";"Full-time";"Permanent";5;5;1;1;1;2;15;4;4;3;3
"407";"UK";"Transnational";"Full-time";"Permanent";5;5;1;2;2;3;35;3;3;3;3
"408";"Switzerland";"Regional";"Full-time";"Permanent";4;4;1;4;2;2;11;4;3;2;3
"409";"Denmark";"National";"Freelancer";NA;4;4;3;3;3;3;3;4;3;2;3
"410";"UK";"National";"Full-time";"Permanent";4;5;1;2;1;2;15;2;1;2;2
"411";"Switzerland";"Regional";"Full-time";"Permanent";2;3;1;1;1;1;30;2;3;2;2
"412";"Denmark";"Local";"Full-time";"Permanent";4;4;2;4;4;4;20;4;3;3;3
"413";"Denmark";"National";"Full-time";"Permanent";4;4;1;1;4;2;8;4;3;3;3
"414";"Germany";"Local";"Full-time";"Permanent";4;5;1;2;3;4;24;2;2;1;1
"415";"Austria";"Local";"Full-time";"Permanent";4;5;1;3;2;1;23;3;3;1;2
"416";"UK";"National";"Full-time";"Permanent";3;4;1;4;2;2;17;3;3;3;3
"417";"Switzerland";"National";"Full-time";"Permanent";4;4;1;5;4;4;17;4;4;3;3
"418";"Switzerland";"Regional";"Part-time";"Permanent";4;4;2;3;2;4;21;5;4;4;4
"419";"Denmark";"National";"Freelancer";NA;5;4;2;2;2;2;28;3;3;2;3
"420";"Switzerland";"Regional";"Full-time";"Permanent";4;4;1;2;2;4;23;3;3;2;2
"421";"Switzerland";"Local";"Freelancer";NA;4;4;2;4;2;2;2;4;4;3;3
"422";"Germany";"National";"Full-time";"Permanent";3;3;1;1;1;1;29;3;3;3;3
"423";"Denmark";"National";"Full-time";"Permanent";2;3;1;4;3;5;4;4;4;4;4
"424";"Denmark";"National";"Full-time";"Permanent";4;4;2;5;1;5;8;4;3;3;3
"425";"Denmark";"National";"Part-time";"Permanent";4;4;3;3;3;3;14;2;2;2;2
"426";"Denmark";"National";"Freelancer";NA;4;4;2;4;4;2;28;3;3;3;3
"427";"Switzerland";"Regional";"Full-time";"Permanent";5;4;1;5;2;4;14;3;3;3;3
"428";"Austria";"National";"Full-time";"Permanent";5;5;1;2;2;1;31;3;3;2;2
"429";"UK";"Local";"Full-time";"Permanent";5;5;4;4;2;4;8;2;2;1;2
"430";"Germany";"National";"Full-time";"Permanent";5;5;1;1;1;1;8;1;1;1;1
"431";"Denmark";"National";"Full-time";"Permanent";2;3;4;4;4;4;15;2;2;2;2
"432";"Switzerland";"Regional";"Full-time";"Temporary";5;4;2;4;2;2;4;3;3;2;2
"433";"UK";"National";"Full-time";"Permanent";4;4;2;4;3;4;10;3;3;3;3
"434";"Switzerland";"Regional";"Full-time";"Permanent";4;4;2;5;2;3;18;4;4;4;4
"435";"Germany";"Regional";"Part-time";"Permanent";4;5;1;2;1;1;39;2;2;1;2
"436";"Denmark";"Regional";"Full-time";"Permanent";4;4;2;3;2;4;8;2;2;2;2
"437";"Germany";"Local";"Freelancer";NA;4;3;2;4;2;3;7;2;2;2;2
"438";"Germany";"Local";"Freelancer";NA;4;4;1;3;1;1;30;3;2;2;2
"439";"UK";"Transnational";"Full-time";"Permanent";5;5;1;4;4;5;12;4;4;3;3
"440";"Germany";"Regional";"Freelancer";NA;5;4;1;2;2;3;10;4;3;4;3
"441";"Switzerland";"Regional";"Full-time";"Permanent";4;4;1;2;1;1;20;3;4;2;2
"442";"Germany";"Regional";"Full-time";"Permanent";4;4;2;3;4;3;39;3;2;3;2
"443";"Austria";"National";"Part-time";"Permanent";3;3;1;5;3;3;42;4;2;2;3
"444";"Denmark";"Regional";"Full-time";"Temporary";4;5;2;3;1;3;35;3;3;3;3
"445";"Germany";"Regional";"Full-time";"Permanent";4;4;1;2;1;1;40;2;3;3;2
"446";"UK";"Transnational";"Full-time";"Permanent";3;4;1;4;3;2;8;3;3;2;2
"447";"Germany";"Regional";"Freelancer";NA;4;5;2;2;4;1;23;2;1;2;2
"448";"Austria";"Regional";"Full-time";"Permanent";4;4;1;2;2;2;15;3;3;3;3
"449";"Switzerland";"National";"Full-time";"Permanent";4;4;1;1;1;1;32;3;3;2;2
"450";"Austria";"National";"Full-time";"Permanent";4;4;2;3;3;4;17;2;2;1;3
"451";"UK";"National";"Full-time";"Permanent";5;5;1;3;1;3;4;3;3;2;2
"452";"Austria";"National";"Freelancer";NA;4;4;1;4;5;2;30;2;2;2;2
"453";"Switzerland";"Local";"Part-time";"Permanent";5;5;2;3;2;3;3;3;3;3;2
"454";"Switzerland";"National";"Full-time";"Permanent";3;3;1;4;3;3;19;4;4;4;4
"455";"Austria";"Regional";"Full-time";"Permanent";4;4;1;4;3;4;5;2;2;2;2
"456";"Germany";"Regional";"Full-time";"Permanent";3;4;1;5;2;1;26;1;2;2;1
"457";"Denmark";"Local";"Freelancer";NA;4;4;1;5;1;5;40;3;3;3;3
"458";"Austria";"National";"Full-time";"Permanent";4;5;1;1;3;2;17;3;3;3;3
"459";"Denmark";"Regional";"Full-time";"Permanent";4;3;2;2;1;3;29;3;3;1;1
"460";"Germany";"Regional";"Full-time";"Permanent";5;5;1;1;3;2;16;4;4;4;3
"461";"Denmark";"Regional";"Full-time";"Permanent";5;5;1;2;5;1;50;3;1;2;2
"462";"Denmark";"National";"Full-time";"Permanent";3;3;1;4;4;4;3;4;4;3;3
"463";"Germany";"National";"Full-time";"Permanent";3;5;2;4;3;4;4;5;5;4;4
"464";"Switzerland";"Regional";"Full-time";"Permanent";4;4;1;2;1;1;21;4;4;3;3
"465";"Denmark";"National";"Full-time";"Permanent";3;3;2;2;4;2;8;5;3;3;3
"466";"Austria";"Regional";"Full-time";"Permanent";3;4;2;4;2;2;10;4;4;3;3
"467";"Denmark";"National";"Full-time";"Permanent";4;4;2;4;4;2;5;4;3;2;2
"468";"Germany";"Local";"Full-time";"Permanent";5;5;1;2;1;1;20;3;3;2;3
"469";"Switzerland";"National";"Part-time";"Permanent";3;4;1;1;1;3;20;3;3;2;2
"470";"UK";"National";"Full-time";"Permanent";3;2;1;4;4;1;3;2;2;2;2
"471";"Austria";"National";"Full-time";"Permanent";4;4;1;4;2;1;15;4;3;3;3
"472";"Austria";"National";"Full-time";"Permanent";5;5;1;3;3;1;46;2;2;1;1
"473";"UK";"National";"Full-time";"Permanent";4;3;1;4;1;2;3;3;3;2;2
"474";"UK";"National";"Freelancer";NA;3;2;2;4;4;5;NA;2;2;2;2
"475";"Germany";"Regional";"Full-time";"Permanent";3;3;2;4;2;3;4;4;4;3;3
"476";"UK";"Transnational";"Full-time";"Permanent";5;5;1;3;2;2;22;3;3;3;3
"477";"Switzerland";"National";"Part-time";"Permanent";4;4;3;3;2;4;9;4;4;3;3
"478";"Switzerland";"Regional";"Full-time";"Permanent";4;4;1;3;4;3;8;3;3;3;3
"479";"UK";"Regional";"Full-time";"Permanent";4;4;1;2;4;2;25;3;3;2;2
"480";"Denmark";"National";"Full-time";"Permanent";4;4;4;4;4;4;12;2;1;1;2
"481";"UK";"Transnational";"Freelancer";NA;4;4;1;4;4;1;26;3;3;3;3
"482";"Switzerland";"National";"Part-time";"Permanent";4;4;2;3;2;3;12;2;2;1;2
"483";"Austria";"National";"Full-time";"Permanent";4;4;1;4;4;1;25;3;3;3;3
"484";"Denmark";"National";"Full-time";NA;4;4;1;1;2;3;15;3;2;2;3
"485";"Austria";"National";"Part-time";"Permanent";3;4;1;4;2;2;7;3;3;2;3
"486";"Denmark";"National";"Full-time";"Permanent";3;3;1;4;2;2;9;3;3;2;3
"487";"UK";"Regional";"Full-time";"Permanent";4;4;1;1;1;1;34;2;2;2;2
"488";"Denmark";"National";"Freelancer";NA;4;4;2;3;3;2;5;2;2;2;2
"489";"Austria";"Regional";"Full-time";"Temporary";5;5;2;5;3;3;30;3;2;2;2
"490";"Denmark";"National";"Freelancer";NA;5;5;1;4;5;3;30;2;2;1;1
"491";"Denmark";"Regional";"Part-time";"Permanent";3;4;2;3;4;2;37;4;3;3;3
"492";"UK";"National";"Freelancer";NA;4;4;2;5;4;5;16;2;2;2;2
"493";"Switzerland";"Local";"Freelancer";NA;5;4;2;1;4;1;15;3;4;2;2
"494";"Germany";"Regional";"Full-time";"Permanent";4;5;1;1;1;2;26;4;3;3;3
"495";"Germany";"Local";"Full-time";"Permanent";5;5;2;1;1;3;20;2;2;2;3
"496";"Germany";"National";"Full-time";"Permanent";3;3;1;4;1;1;4;4;3;3;3
"497";"UK";"National";"Full-time";"Permanent";5;5;1;4;4;1;21;3;3;3;3
"498";"UK";"Regional";"Full-time";"Permanent";4;5;2;4;2;1;3;3;2;3;2
"499";"Germany";"Regional";"Full-time";"Permanent";4;3;1;5;1;3;7;3;3;3;4
"500";"Austria";"Regional";"Full-time";"Permanent";4;4;1;4;2;4;21;4;4;3;3
"501";"Denmark";"Regional";"Full-time";"Permanent";1;1;4;2;1;2;20;4;2;2;3
"502";"Austria";"National";"Full-time";"Permanent";3;4;1;3;1;1;16;3;2;2;3
"503";"Denmark";"Regional";"Full-time";"Permanent";4;4;1;2;1;4;35;4;3;3;3
"504";"Austria";"National";"Full-time";"Permanent";4;3;3;3;3;3;27;4;4;3;2
"505";"Switzerland";"National";"Part-time";NA;3;3;2;4;2;2;2;4;4;3;3
"506";"Denmark";"Regional";"Freelancer";NA;3;5;1;1;1;1;10;2;1;2;2
"507";"Austria";"National";"Full-time";"Permanent";4;5;2;4;2;2;18;3;3;2;2
"508";"UK";"National";"Freelancer";NA;5;4;1;1;1;1;30;3;3;3;3
"509";"Denmark";"National";"Freelancer";NA;4;4;3;4;4;3;NA;3;3;3;3
"510";"Denmark";"National";"Full-time";"Permanent";4;4;1;1;1;1;17;3;2;2;2
"511";"Denmark";"National";"Freelancer";NA;3;3;2;4;3;2;40;4;4;4;3
"512";"Denmark";"National";"Full-time";"Permanent";4;4;1;4;4;2;4;3;3;2;2
"513";"Austria";"National";"Full-time";"Permanent";4;5;1;2;1;2;16;4;4;4;3
"514";"Denmark";"National";"Full-time";"Permanent";3;3;4;4;2;5;4;3;2;1;2
"515";"Switzerland";"Local";"Part-time";"Permanent";5;5;1;4;2;1;20;3;3;3;3
"516";"Germany";"Local";"Freelancer";NA;4;4;2;3;2;3;20;2;2;2;2
"517";"Switzerland";"Regional";"Part-time";"Permanent";4;4;1;1;1;5;20;3;3;2;2
"518";"UK";"Transnational";"Full-time";"Permanent";4;4;1;4;4;4;30;3;3;3;3
"519";"Denmark";"National";"Full-time";"Temporary";4;2;1;2;1;1;7;2;2;1;1
"520";"Switzerland";"Regional";"Full-time";"Permanent";4;5;2;4;2;2;17;4;4;3;3
"521";"Denmark";"National";"Freelancer";NA;5;5;2;3;1;1;30;3;1;1;1
"522";"UK";"National";"Freelancer";NA;4;4;1;4;2;1;25;3;2;2;2
"523";"Austria";"National";"Full-time";"Permanent";4;4;1;4;3;2;5;3;3;2;2
"524";"Germany";"Regional";"Full-time";"Permanent";4;4;1;3;3;2;12;3;4;3;3
"525";"Denmark";"National";"Freelancer";NA;4;4;4;4;4;4;11;3;3;3;3
"526";"Austria";"National";"Full-time";"Permanent";4;4;1;3;1;1;37;2;2;2;3
"527";"UK";"National";"Freelancer";NA;5;4;4;4;2;4;25;3;3;3;3
"528";"Austria";"Regional";"Full-time";"Permanent";4;5;1;5;3;2;15;1;2;1;2
"529";"UK";"National";"Full-time";"Permanent";4;4;1;4;4;1;21;3;2;1;2
"530";"Denmark";"National";"Full-time";"Temporary";3;4;2;5;3;5;3;3;2;2;2
"531";"Denmark";"National";"Freelancer";NA;3;3;2;4;2;2;3;4;3;4;4
"532";"Denmark";"Regional";"Full-time";NA;4;4;2;2;2;3;41;3;3;3;3
"533";"Switzerland";"National";"Part-time";"Permanent";4;3;1;4;2;4;4;4;4;2;2
"534";"Denmark";"National";"Part-time";"Permanent";3;1;1;4;2;4;18;4;3;3;3
"535";"Switzerland";"Regional";"Full-time";"Permanent";5;5;1;4;1;1;25;4;4;3;3
"536";"Denmark";"National";"Full-time";NA;4;4;4;2;2;4;25;2;2;2;2
"537";"Switzerland";"Regional";"Part-time";"Permanent";5;5;1;1;5;1;8;2;2;2;2
"538";"Austria";"National";"Full-time";"Permanent";4;5;1;1;2;2;33;2;2;2;3
"539";"UK";"National";"Full-time";"Permanent";2;3;2;4;3;3;20;3;3;3;3
"540";"Denmark";"National";"Freelancer";NA;3;3;1;2;2;1;10;3;3;3;3
"541";"UK";"Transnational";"Full-time";"Permanent";4;3;1;4;2;2;24;3;2;3;3
"542";"UK";"Transnational";"Full-time";"Permanent";4;4;2;5;4;5;5;3;3;3;3
"543";"Denmark";"National";"Freelancer";NA;3;4;2;2;2;4;32;3;3;4;3
"544";"Denmark";"National";"Full-time";"Permanent";3;4;2;4;4;4;5;2;2;2;2
"545";"Germany";"Regional";"Full-time";"Permanent";4;5;1;3;1;1;30;5;4;3;3
"546";"Denmark";"Regional";"Full-time";"Permanent";4;4;2;4;4;2;11;3;3;2;2
"547";"Denmark";"National";"Full-time";"Permanent";4;3;4;5;2;4;4;2;2;1;1
"548";"UK";"National";"Full-time";"Permanent";4;5;4;4;4;5;18;3;3;3;3
"549";"Germany";"Regional";"Full-time";"Permanent";4;5;1;5;3;1;5;3;3;3;3
"550";"Germany";"Regional";"Full-time";"Permanent";3;4;1;3;1;3;6;3;4;2;1
"551";"Denmark";"National";"Full-time";"Permanent";2;2;4;4;2;4;2;3;3;3;3
"552";"Denmark";"National";"Full-time";"Permanent";4;3;1;1;4;1;20;3;3;3;3
"553";"Denmark";"National";"Freelancer";NA;5;5;1;4;1;2;10;2;2;2;2
"554";"Denmark";"National";"Full-time";"Permanent";4;4;3;4;3;4;2;2;3;2;2
"555";"UK";"National";"Full-time";"Permanent";3;4;2;4;4;4;21;2;2;2;2
"556";"Germany";"Regional";"Freelancer";NA;5;5;1;3;4;2;30;1;2;1;1
"557";"Austria";"Regional";"Full-time";"Permanent";5;5;1;2;3;1;40;3;2;2;2
"558";"Switzerland";"Regional";"Full-time";"Permanent";3;4;1;4;2;2;20;3;4;2;2
"559";"Austria";"Regional";"Full-time";"Permanent";5;NA;1;1;1;1;25;3;3;3;3
"560";"Denmark";"Regional";"Full-time";"Permanent";4;4;1;3;1;3;14;3;3;3;3
"561";"UK";"Transnational";"Full-time";"Permanent";4;5;1;4;5;5;8;2;1;2;2
"562";"Austria";"Regional";"Full-time";"Permanent";4;5;2;3;1;3;20;2;2;2;2
"563";"UK";"Transnational";"Full-time";"Permanent";4;4;2;3;1;2;15;1;1;1;1
"564";"Germany";"Regional";"Full-time";"Permanent";3;4;2;5;3;3;4;4;4;3;3
"565";"Switzerland";"Regional";"Full-time";"Permanent";3;2;2;5;3;3;18;4;4;2;3
"566";"Germany";"National";"Full-time";"Permanent";3;5;2;1;1;1;15;5;4;2;1
"567";"Switzerland";"National";"Part-time";"Permanent";3;4;2;4;3;5;7;3;3;3;3
"568";"Denmark";"National";"Full-time";"Permanent";4;4;1;5;4;4;5;4;3;3;3
"569";"Denmark";"National";"Freelancer";NA;4;4;2;2;1;4;22;3;3;3;3
"570";"Austria";"National";"Full-time";"Permanent";4;4;2;4;3;3;13;3;3;2;2
"571";"Switzerland";"National";"Full-time";"Permanent";4;4;2;5;4;2;15;4;4;4;3
"572";"Germany";"Regional";"Freelancer";NA;2;3;1;3;2;2;15;2;2;2;2
"573";"Austria";"Regional";"Full-time";"Permanent";4;4;1;4;3;3;8;2;3;2;2
"574";"UK";"National";"Full-time";"Permanent";3;2;1;4;2;3;3;2;2;2;2
"575";"Germany";"Regional";"Full-time";"Permanent";5;5;2;3;1;1;33;2;2;3;3
"576";"UK";"Transnational";"Full-time";"Permanent";4;5;1;1;1;1;20;3;3;2;2
"577";"Austria";"National";"Full-time";"Permanent";4;NA;2;2;2;2;27;3;4;2;2
"578";"Switzerland";"Regional";"Freelancer";NA;4;4;1;2;2;2;1;4;4;4;4
"579";"Denmark";"Local";"Full-time";"Temporary";2;3;2;2;4;2;23;4;3;3;3
"580";"Denmark";"Local";"Freelancer";NA;4;4;2;5;2;3;2;3;3;2;3
"581";"Switzerland";"National";"Part-time";"Permanent";4;4;1;4;3;2;20;3;3;3;2
"582";"Germany";"Local";"Full-time";"Permanent";5;5;1;4;1;1;26;2;2;2;2
"583";"Switzerland";"Regional";"Full-time";"Permanent";4;5;1;4;1;1;34;3;3;2;2
"584";"Denmark";"National";"Full-time";"Permanent";4;4;2;1;1;3;30;3;3;2;2
"585";"Germany";"National";"Full-time";"Permanent";3;5;2;3;2;2;17;3;2;3;3
"586";"Switzerland";"Local";"Full-time";"Permanent";4;4;1;3;3;2;25;2;3;2;2
"587";"Austria";"National";"Full-time";"Permanent";4;5;2;4;1;2;4;3;3;3;3
"588";"Austria";"National";"Full-time";"Permanent";4;4;1;4;1;1;27;2;2;1;2
"589";"UK";"Transnational";"Full-time";"Permanent";3;4;2;4;3;4;16;4;3;3;3
"590";"Switzerland";"National";"Full-time";"Permanent";4;5;1;2;2;1;6;3;4;3;3
"591";"Austria";"Regional";"Full-time";"Permanent";4;5;1;3;2;2;11;2;2;1;1
"592";"Switzerland";"National";"Full-time";"Permanent";5;5;1;2;2;1;30;3;3;3;3
"593";"Austria";"Regional";"Freelancer";NA;4;4;1;4;3;1;30;4;3;3;3
"594";"UK";"Regional";"Freelancer";NA;5;5;2;4;4;4;45;2;2;2;2
"595";"Austria";"National";"Full-time";"Permanent";4;5;1;3;3;5;25;4;4;4;4
"596";"Denmark";"National";"Full-time";"Permanent";4;4;2;2;2;2;11;3;3;2;2
"597";"Switzerland";"National";"Full-time";"Permanent";4;4;2;4;2;2;10;4;3;3;3
"598";"Denmark";"National";"Part-time";"Permanent";4;4;4;4;5;5;37;3;1;1;1
"599";"Denmark";"National";"Full-time";NA;4;5;2;2;2;3;21;3;2;2;3
"600";"Denmark";"Local";"Full-time";"Permanent";4;4;2;4;2;4;27;3;3;3;4
"601";"Germany";"Regional";"Full-time";"Permanent";5;5;1;5;3;4;25;3;3;2;2
"602";"Austria";"Regional";"Freelancer";NA;2;4;1;3;2;2;2;1;1;1;1
"603";"Switzerland";"National";"Full-time";"Permanent";4;4;2;4;3;4;25;3;3;3;3
"604";"Germany";"Local";"Full-time";"Permanent";4;4;1;3;1;1;32;4;4;3;3
"605";"UK";"Regional";"Full-time";"Permanent";4;4;1;5;5;4;15;2;1;3;3
"606";"Germany";"National";"Full-time";"Permanent";2;4;1;2;1;3;5;4;3;2;1
"607";"Switzerland";"Transnational";"Full-time";"Permanent";4;3;4;3;4;2;29;4;4;3;3
"608";"Switzerland";"Regional";"Part-time";"Permanent";4;5;1;3;1;1;1;3;4;3;3
"609";"UK";"National";"Full-time";"Permanent";5;5;1;4;4;2;17;3;3;3;3
"610";"Germany";"Regional";"Full-time";"Permanent";5;5;1;4;2;1;37;2;2;3;2
"611";"Switzerland";"National";"Full-time";"Permanent";4;3;2;4;2;2;3;3;3;2;2
"612";"Austria";"Regional";"Full-time";"Permanent";5;5;1;2;2;3;35;4;3;3;3
"613";"Austria";"National";"Full-time";"Permanent";4;5;2;3;3;2;8;3;3;3;3
"614";"Switzerland";"National";"Full-time";"Permanent";4;4;4;5;3;3;9;3;4;2;2
"615";"UK";"Transnational";"Freelancer";NA;3;4;1;4;1;5;30;4;2;3;3
"616";"Denmark";"National";"Full-time";"Permanent";4;5;4;5;2;5;30;2;2;2;2
"617";"Switzerland";"Local";"Part-time";"Permanent";4;4;1;4;2;2;3;3;3;3;3
"618";"Germany";"Local";"Full-time";"Permanent";4;5;1;4;4;3;25;3;3;2;3
"619";"Denmark";"National";"Full-time";"Permanent";4;5;1;4;3;3;2;2;2;2;2
"620";"Denmark";"Local";"Full-time";"Permanent";5;5;1;4;4;3;22;3;1;1;2
"621";"Denmark";"Regional";"Full-time";"Permanent";5;5;1;5;5;5;40;4;4;3;4
"622";"Denmark";"National";"Full-time";NA;5;5;1;4;1;4;20;2;1;1;2
"623";"UK";"National";"Full-time";"Permanent";4;4;1;5;1;2;7;4;3;3;4
"624";"Denmark";"National";"Freelancer";NA;5;5;2;3;3;3;11;3;3;1;2
"625";"UK";"National";"Freelancer";NA;2;2;1;5;1;2;43;3;2;2;3
"626";"Switzerland";"National";"Part-time";"Permanent";4;4;1;1;1;3;15;4;4;3;3
"627";"Denmark";"National";"Full-time";"Permanent";3;4;1;3;4;4;23;4;3;2;3
"628";"Switzerland";"National";"Full-time";"Temporary";3;3;2;2;2;2;1;4;3;2;3
"629";"Austria";"Regional";"Full-time";"Permanent";4;5;1;3;1;1;27;2;1;1;1
"630";"Austria";"Local";"Full-time";"Permanent";3;4;1;3;1;3;17;4;3;3;3
"631";"Denmark";"National";"Full-time";"Permanent";1;2;2;2;2;3;37;2;1;2;2
"632";"Austria";"National";"Full-time";"Permanent";4;4;1;4;3;1;10;3;3;3;3
"633";"UK";"National";"Freelancer";NA;3;3;2;4;4;4;20;2;2;2;3
"634";"Denmark";"National";"Full-time";"Permanent";4;5;1;4;3;3;10;3;3;3;3
"635";"Denmark";"Regional";"Freelancer";NA;5;4;1;2;1;4;26;3;3;2;3
"636";"UK";"National";"Full-time";"Permanent";4;4;1;5;2;4;33;3;3;3;3
"637";"UK";"National";"Full-time";"Permanent";3;3;1;4;3;4;33;3;3;3;3
"638";"Denmark";"National";"Freelancer";NA;4;3;2;2;1;2;25;3;3;3;3
"639";"UK";"National";"Part-time";"Temporary";4;4;2;4;2;1;30;3;2;1;3
"640";"Austria";"National";"Full-time";"Temporary";4;4;3;3;3;2;25;2;2;2;2
"641";"Switzerland";"Local";"Full-time";"Permanent";3;4;1;4;2;2;7;4;4;3;4
"642";"Germany";"Local";"Full-time";"Permanent";5;5;1;1;1;2;26;3;3;2;2
"643";"Denmark";"National";"Full-time";"Permanent";4;4;1;5;3;4;5;3;3;3;4
"644";"UK";"National";"Full-time";"Permanent";4;5;1;5;2;3;32;2;2;2;2
"645";"Switzerland";"Local";"Part-time";"Permanent";4;3;1;5;3;4;30;2;4;1;1
"646";"Austria";"National";"Freelancer";NA;3;4;2;2;3;2;3;4;2;2;3
"647";"UK";"National";"Full-time";"Permanent";5;5;1;1;1;1;27;3;3;3;3
"648";"Austria";"Regional";"Full-time";"Permanent";3;4;1;3;2;2;4;3;3;3;2
"649";"UK";"Regional";"Full-time";"Permanent";3;4;1;5;3;3;19;3;3;3;3
"650";"Germany";"Local";"Full-time";"Temporary";5;5;2;3;3;2;30;4;4;3;3
"651";"Austria";"National";"Full-time";"Permanent";5;5;1;4;2;2;17;4;4;4;4
"652";"Denmark";"National";"Freelancer";NA;3;2;5;3;1;1;49;3;3;2;3
"653";"Austria";"Regional";"Full-time";"Permanent";3;4;2;4;2;2;16;4;3;3;2
"654";"UK";"National";"Full-time";"Permanent";4;4;1;4;1;3;NA;3;3;2;1
"655";"Denmark";"Regional";"Part-time";"Temporary";4;4;1;1;1;1;37;3;3;3;3
"656";"UK";"National";"Full-time";"Permanent";4;4;3;4;4;4;13;3;1;2;3
"657";"Switzerland";"National";"Part-time";"Permanent";4;4;2;2;1;2;7;3;4;3;3
"658";"Denmark";"Regional";"Full-time";NA;3;4;4;2;2;3;27;2;2;2;2
"659";"Denmark";"National";"Full-time";"Permanent";4;3;1;2;1;1;5;3;3;2;1
"660";"UK";"National";"Full-time";"Permanent";5;5;2;4;2;4;35;1;2;2;2
"661";"Denmark";"National";"Full-time";"Permanent";3;4;1;1;1;1;39;3;1;1;1
"662";"Switzerland";"Regional";"Full-time";"Permanent";3;3;1;1;1;2;14;3;3;1;1
"663";"Austria";"Regional";"Full-time";"Permanent";2;3;2;4;2;3;4;2;2;2;2
"664";"Denmark";"National";"Full-time";"Permanent";5;5;2;2;3;1;15;3;2;2;2
"665";"Switzerland";"National";"Part-time";"Permanent";3;4;1;5;3;1;15;3;3;3;3
"666";"Switzerland";"Local";"Freelancer";NA;3;4;1;2;1;4;21;2;2;2;3
"667";"UK";"Local";"Full-time";"Permanent";4;4;1;4;4;4;NA;4;4;3;3
"668";"Denmark";"National";"Freelancer";NA;5;5;1;1;1;4;40;4;3;2;2
"669";"UK";"National";"Full-time";"Permanent";3;2;2;4;5;3;15;4;2;2;2
"670";"Denmark";"Regional";"Full-time";"Permanent";5;5;5;4;2;1;17;3;3;2;3
"671";"Switzerland";"Regional";"Full-time";"Permanent";4;4;1;3;2;3;4;3;3;2;3
"672";"Germany";"Regional";"Freelancer";NA;4;4;1;1;4;2;35;4;4;2;4
"673";"UK";"National";"Freelancer";NA;5;3;5;5;2;5;15;3;3;3;3
"674";"Switzerland";"Regional";"Full-time";"Permanent";3;3;2;4;4;2;18;3;3;3;3
"675";"Austria";"Regional";"Full-time";"Permanent";4;3;1;4;2;1;4;2;2;2;2
"676";"Denmark";"National";"Freelancer";NA;3;3;2;2;2;3;7;2;2;2;1
"677";"Austria";"Regional";"Full-time";"Permanent";3;4;1;3;4;2;7;2;2;2;3
"678";"Germany";"Regional";"Full-time";"Permanent";5;5;1;1;3;1;25;3;3;3;3
"679";"UK";"National";"Full-time";"Permanent";5;5;1;5;2;5;31;3;2;2;2
"680";"Denmark";"Regional";"Full-time";"Permanent";5;5;2;4;4;4;16;4;4;4;3
"681";"Switzerland";"National";"Full-time";"Permanent";4;4;2;4;3;3;2;4;4;3;3
"682";"Denmark";"Regional";"Full-time";"Permanent";4;3;3;4;2;3;8;3;2;3;3
"683";"Switzerland";"National";"Part-time";"Permanent";4;4;1;3;1;2;16;4;4;3;3
"684";"Switzerland";"Regional";"Full-time";"Permanent";2;2;2;2;1;3;2;4;4;3;3
"685";"Switzerland";"Local";"Full-time";"Temporary";4;4;2;4;2;2;4;4;2;3;3
"686";"Denmark";"National";"Full-time";"Permanent";4;4;1;1;1;4;13;2;2;2;2
"687";"Denmark";"National";"Full-time";"Permanent";5;4;2;4;3;4;32;4;3;2;3
"688";"Germany";"National";"Freelancer";NA;4;4;1;4;3;4;40;3;3;2;3
"689";"Switzerland";"National";"Full-time";"Permanent";4;3;1;5;2;1;1;3;4;3;2
"690";"UK";"National";"Full-time";"Permanent";4;4;1;5;1;1;32;3;3;2;2
"691";"Switzerland";"National";"Full-time";"Permanent";4;4;2;2;1;3;10;3;4;3;3
"692";"Denmark";"National";"Part-time";"Permanent";1;4;2;3;2;3;3;2;2;2;2
"693";"Switzerland";"Regional";"Full-time";"Permanent";5;5;1;1;1;2;37;3;3;2;3
"694";"Germany";"Local";"Full-time";"Permanent";5;5;3;5;1;4;28;3;3;2;2
"695";"UK";"Local";"Full-time";"Permanent";4;4;1;5;2;4;28;2;2;2;2
"696";"Denmark";"National";"Full-time";"Permanent";4;4;4;4;2;4;2;4;4;3;3
"697";"Denmark";"National";"Full-time";"Permanent";5;4;4;3;2;4;7;3;3;3;3
"698";"UK";"Transnational";"Full-time";"Permanent";4;4;1;4;2;4;16;3;3;3;3
"699";"Denmark";"Regional";"Full-time";"Permanent";3;4;4;4;4;4;2;3;3;3;2
"700";"Switzerland";"Regional";"Full-time";"Permanent";4;4;3;4;2;4;9;4;3;3;3
"701";"UK";"Regional";"Full-time";"Permanent";4;4;1;4;2;5;30;3;2;2;2
"702";"Switzerland";"Transnational";"Full-time";"Permanent";4;5;1;5;3;2;13;2;2;2;2
"703";"Austria";"National";"Part-time";"Permanent";4;4;1;4;2;2;10;3;3;2;3
"704";"Switzerland";"Regional";"Part-time";"Permanent";4;4;1;5;2;1;5;4;4;2;2
"705";"Denmark";"National";"Full-time";"Permanent";4;4;3;2;3;4;3;3;4;2;3
"706";"Switzerland";"National";"Full-time";"Permanent";4;5;1;4;2;1;25;4;4;3;3
"707";"UK";"National";"Full-time";"Permanent";4;4;3;4;3;3;4;3;2;1;1
"708";"Switzerland";"Regional";"Full-time";"Permanent";4;4;1;3;1;3;19;3;3;3;3
"709";"Austria";"Regional";"Full-time";"Permanent";4;4;2;4;3;3;17;3;3;3;3
"710";"Austria";"Regional";"Full-time";"Permanent";4;4;1;4;4;4;25;4;4;2;2
"711";"Austria";"Regional";"Part-time";"Permanent";4;4;1;2;1;1;15;3;3;3;2
"712";"Austria";"Regional";"Freelancer";NA;3;3;2;4;3;1;14;3;3;2;2
"713";"Denmark";"Regional";"Full-time";"Permanent";4;4;2;4;4;4;25;2;2;1;1
"714";"UK";"National";"Full-time";"Permanent";4;3;1;5;3;4;2;3;2;2;2
"715";"Denmark";"Local";"Full-time";NA;3;4;2;3;2;5;19;3;2;3;2
"716";"Denmark";"National";"Full-time";"Permanent";4;3;2;4;2;4;38;3;3;3;3
"717";"Germany";"National";"Full-time";"Permanent";5;5;1;5;3;2;4;3;3;3;4
"718";"Denmark";"Local";"Full-time";"Temporary";4;4;2;3;3;2;10;3;3;3;3
"719";"UK";"Regional";"Full-time";"Permanent";3;3;1;4;3;3;44;3;2;2;3
"720";"Denmark";"National";"Full-time";"Permanent";5;5;1;4;4;4;32;2;2;2;2
"721";"Denmark";"National";"Part-time";"Temporary";4;4;2;4;3;4;1;3;3;3;3
"722";"Denmark";"Regional";"Full-time";"Permanent";3;4;4;1;1;4;35;3;1;2;2
"723";"Denmark";"Local";"Full-time";"Permanent";4;4;4;3;4;5;17;2;1;1;2
"724";"Austria";"National";"Part-time";"Permanent";4;4;2;2;1;1;23;3;3;3;3
"725";"UK";"National";"Full-time";"Permanent";4;4;2;2;2;1;29;3;3;3;3
"726";"Denmark";"National";"Part-time";"Permanent";4;5;3;3;2;4;6;3;2;1;2
"727";"Austria";"National";"Freelancer";NA;4;4;1;4;1;2;5;2;2;2;2
"728";"Austria";"Regional";"Full-time";"Permanent";4;5;1;4;5;1;9;4;3;2;3
"729";"Denmark";"National";"Freelancer";NA;4;4;2;4;4;3;9;3;2;2;2
"730";"UK";"Transnational";"Full-time";"Permanent";3;3;2;3;2;3;7;3;3;3;3
"731";"UK";"Local";"Full-time";"Permanent";4;4;2;2;2;2;2;3;2;2;2
"732";"UK";"National";"Freelancer";NA;5;5;2;2;2;4;30;3;3;3;3
"733";"Denmark";"National";"Part-time";"Permanent";4;4;2;4;2;5;5;1;1;1;1
"734";"UK";"National";"Full-time";"Permanent";1;2;1;1;2;1;30;4;3;3;3
"735";"UK";"Transnational";"Full-time";"Permanent";4;5;1;4;1;3;35;3;3;2;3
"736";"Germany";"Local";"Full-time";"Permanent";5;5;1;5;3;3;35;2;2;2;3
"737";"Denmark";"National";"Full-time";NA;5;4;2;3;2;3;27;2;2;2;2
"738";"Denmark";"National";"Full-time";"Permanent";5;5;1;1;1;1;25;2;3;1;2
"739";"Germany";"Regional";"Full-time";"Permanent";4;5;1;4;3;2;8;4;4;3;3
"740";"UK";"National";"Full-time";"Permanent";3;4;1;2;2;3;13;3;3;3;3
"741";"Germany";"Regional";"Freelancer";NA;4;5;1;4;2;2;28;3;3;3;3
"742";"Germany";"Regional";"Full-time";"Permanent";5;5;2;4;3;1;30;3;2;3;2
"743";"Germany";"Regional";"Full-time";"Permanent";4;4;1;4;1;2;10;4;4;3;3
"744";"UK";"Transnational";"Part-time";"Permanent";4;4;1;1;1;1;20;3;2;3;3
"745";"Austria";"Regional";"Full-time";"Permanent";2;2;3;4;2;4;16;4;3;2;2
"746";"UK";"Transnational";"Full-time";"Permanent";4;4;1;1;1;1;30;3;3;3;3
"747";"Germany";"Regional";"Full-time";"Permanent";4;4;1;4;4;3;17;3;3;2;2
"748";"Denmark";"Regional";"Full-time";"Permanent";4;4;2;4;4;4;10;3;3;2;3
"749";"UK";"Local";"Full-time";"Permanent";4;5;2;4;2;2;9;2;2;2;2
"750";"Germany";"Regional";"Freelancer";NA;5;4;1;2;1;2;20;5;4;4;4
"751";"Austria";"National";"Full-time";"Permanent";4;4;1;4;3;1;30;3;3;3;3
"752";"Germany";"National";"Full-time";"Permanent";4;5;1;4;1;3;15;4;5;3;3
"753";"UK";"Regional";"Freelancer";NA;2;4;2;4;4;1;25;3;3;3;3
"754";"Switzerland";"Local";"Part-time";"Permanent";4;4;1;1;1;1;25;3;4;3;3
"755";"Switzerland";"Regional";"Full-time";"Permanent";4;5;2;4;2;3;7;3;3;2;1
"756";"Austria";"Local";"Full-time";"Permanent";5;5;2;3;4;4;25;3;2;3;3
"757";"Denmark";"National";"Freelancer";NA;5;5;1;1;1;1;13;2;2;2;2
"758";"Austria";"National";"Full-time";"Permanent";4;4;1;2;2;2;20;3;3;3;3
"759";"Denmark";"National";"Full-time";"Permanent";4;4;4;4;4;4;16;3;3;3;3
"760";"Denmark";"National";"Full-time";"Temporary";4;4;1;1;1;1;30;3;2;2;2
"761";"UK";"Regional";"Freelancer";NA;4;4;1;4;4;4;27;3;3;3;3
"762";"Switzerland";"National";"Full-time";"Permanent";5;5;1;5;1;1;30;4;3;3;3
"763";"Austria";"National";"Full-time";"Permanent";5;5;1;2;3;3;17;3;3;2;2
"764";"Denmark";"Local";"Freelancer";NA;5;5;3;4;3;4;10;3;3;2;2
"765";"Denmark";"National";"Full-time";"Permanent";3;3;4;5;4;4;25;3;2;1;2
"766";"Germany";"Local";"Full-time";"Permanent";5;5;1;5;1;1;25;3;3;2;2
"767";"Germany";"National";"Full-time";"Permanent";4;4;2;4;3;3;10;4;4;3;4
"768";"Switzerland";"Regional";"Full-time";"Permanent";5;5;1;5;1;1;8;4;4;3;3
"769";"Austria";"National";"Full-time";"Permanent";4;4;2;2;1;3;13;5;3;3;3
"770";"Germany";"Regional";"Full-time";"Permanent";5;5;1;4;1;1;21;4;4;3;3
"771";"Austria";"Regional";"Part-time";"Permanent";4;4;2;3;3;2;17;3;3;2;3
"772";"Switzerland";"Regional";"Part-time";"Permanent";3;4;1;4;3;4;12;4;4;4;4
"773";"Switzerland";"Regional";"Full-time";"Permanent";4;4;2;4;2;3;15;3;4;3;3
"774";"Denmark";"National";"Full-time";"Permanent";3;3;1;3;2;2;3;4;3;3;3
"775";"UK";"National";"Freelancer";NA;5;5;2;2;2;3;40;3;3;3;2
"776";"UK";"National";"Full-time";"Permanent";2;3;1;5;1;3;5;3;2;2;2
"777";"Denmark";"National";"Freelancer";NA;5;5;2;2;2;2;40;3;3;3;3
"778";"Germany";"Regional";"Full-time";"Permanent";4;4;1;5;1;1;27;4;4;4;4
"779";"Austria";"National";"Part-time";"Permanent";3;4;1;4;3;2;22;3;3;2;2
"780";"UK";"National";"Full-time";"Permanent";4;4;2;4;1;2;35;3;3;3;3
"781";"Austria";"Regional";"Part-time";"Permanent";4;5;1;2;2;3;10;3;3;3;3
"782";"Germany";"Local";"Full-time";"Permanent";4;5;1;5;3;3;15;3;3;2;2
"783";"Austria";"Regional";"Full-time";"Permanent";4;4;2;5;3;4;5;2;3;2;3
"784";"Switzerland";"Regional";"Full-time";"Permanent";4;4;2;4;2;2;24;3;4;2;2
"785";"Switzerland";"National";"Part-time";"Permanent";4;4;2;4;2;4;7;3;3;1;2
"786";"Denmark";"National";"Full-time";"Permanent";4;5;2;4;4;1;15;2;2;2;2
"787";"Austria";"Regional";"Full-time";"Permanent";4;4;2;3;2;3;28;2;2;2;2
"788";"Austria";"Regional";"Full-time";"Permanent";4;4;1;4;3;3;8;4;4;3;3
"789";"Denmark";"Local";"Full-time";"Permanent";3;3;2;3;3;2;7;3;2;2;2
"790";"UK";"National";"Full-time";"Permanent";3;3;1;4;1;4;5;5;5;3;2
"791";"UK";"Regional";"Full-time";"Permanent";5;5;1;5;4;5;26;4;4;3;3
"792";"UK";"Transnational";"Full-time";"Permanent";3;5;1;4;3;4;5;4;2;2;2
"793";"Germany";"Regional";"Full-time";"Permanent";4;5;1;5;1;1;13;3;4;3;3
"794";"Austria";"Regional";"Part-time";"Permanent";4;5;2;5;1;1;12;2;3;2;2
"795";"Switzerland";"Regional";"Full-time";"Permanent";4;3;2;5;2;3;10;3;3;2;2
"796";"Austria";"National";"Part-time";"Permanent";3;4;1;4;2;3;15;3;2;2;2
"797";"Denmark";"National";"Full-time";"Permanent";4;4;1;2;3;2;10;4;3;2;3
"798";"Austria";"National";"Full-time";"Permanent";4;4;2;5;3;2;37;4;4;4;4
"799";"UK";"National";"Full-time";"Permanent";NA;NA;1;5;5;1;2;3;3;3;3
"800";"Austria";"National";"Full-time";"Permanent";4;4;2;4;3;2;5;3;3;2;3
"801";"Denmark";"National";"Part-time";"Permanent";3;3;2;3;2;4;15;3;3;2;1
"802";"Switzerland";"National";"Full-time";"Permanent";4;4;1;4;2;3;35;4;4;3;3
"803";"Denmark";"Regional";"Full-time";NA;4;5;1;4;1;4;20;3;3;2;3
"804";"Germany";"Regional";"Full-time";"Permanent";5;5;1;3;1;1;33;2;2;3;2
"805";"Switzerland";"National";"Part-time";"Permanent";4;4;1;2;1;3;8;4;4;3;3
"806";"Germany";"National";"Full-time";"Permanent";4;4;1;1;1;1;18;4;4;3;4
"807";"Switzerland";"National";"Part-time";"Permanent";4;4;2;4;3;2;15;4;4;4;4
"808";"Switzerland";"National";"Full-time";"Permanent";4;4;1;3;3;1;9;3;3;2;2
"809";"Denmark";"Regional";"Full-time";"Permanent";3;3;2;1;2;4;9;3;3;3;3
"810";"Austria";"National";"Full-time";"Permanent";4;4;1;4;3;1;10;3;3;3;3
"811";"Switzerland";"Regional";"Full-time";"Permanent";4;4;2;2;1;1;9;3;3;3;3
"812";"Germany";"National";"Full-time";"Permanent";3;3;1;3;2;2;5;4;4;2;2
"813";"Switzerland";"Regional";"Full-time";"Permanent";4;4;2;2;2;3;5;4;4;3;3
"814";"Denmark";"National";"Full-time";"Permanent";4;5;4;5;4;4;20;3;3;2;3
"815";"UK";"National";"Full-time";"Permanent";3;3;2;4;4;3;11;3;3;3;2
"816";"Denmark";"National";"Freelancer";NA;5;5;3;5;4;3;29;4;2;2;3
"817";"Denmark";"National";"Full-time";"Permanent";4;4;1;2;2;2;24;4;3;3;3
"818";"Austria";"Regional";"Full-time";"Permanent";4;4;1;1;1;1;27;3;3;3;2
"819";"UK";"Transnational";"Full-time";"Permanent";4;4;1;4;2;2;27;2;1;1;2
"820";"Denmark";"National";"Full-time";"Permanent";4;4;1;1;1;2;28;3;4;2;3
"821";"UK";"National";"Full-time";"Permanent";4;4;1;3;1;1;14;3;2;2;2
"822";"Denmark";"Local";"Full-time";"Permanent";4;4;2;4;4;4;20;3;3;3;3
"823";"Austria";"National";"Full-time";"Permanent";5;5;2;3;4;3;20;2;2;2;3
"824";"UK";"National";"Full-time";"Temporary";5;5;2;4;2;4;2;4;4;4;4
"825";"Germany";"National";"Full-time";"Permanent";3;3;1;3;2;1;15;4;4;2;2
"826";"Switzerland";"Local";"Part-time";"Temporary";4;3;2;3;2;1;5;3;3;3;3
"827";"Switzerland";"Local";"Full-time";"Permanent";5;5;2;4;3;2;28;3;1;1;1
"828";"Denmark";"Local";"Full-time";"Permanent";5;5;1;2;1;2;26;4;3;2;3
"829";"Switzerland";"Regional";"Part-time";"Permanent";4;5;1;3;4;2;7;4;4;2;2
"830";"Switzerland";"Local";"Part-time";"Permanent";4;4;1;1;1;1;15;4;4;3;2
"831";"Germany";"Local";"Freelancer";NA;4;5;1;2;2;2;5;4;4;3;3
"832";"Denmark";"Regional";"Full-time";"Permanent";4;5;2;4;2;4;13;4;3;2;2
"833";"Switzerland";"National";"Part-time";"Permanent";4;4;2;5;3;2;15;4;4;3;3
"834";"Switzerland";"Local";"Part-time";"Permanent";4;4;1;2;2;2;10;3;3;2;2
"835";"Austria";"National";"Full-time";"Permanent";5;5;2;4;4;1;21;3;3;2;2
"836";"Austria";"National";"Full-time";"Temporary";3;4;2;3;2;1;10;3;1;1;1
"837";"Denmark";"Regional";"Full-time";"Permanent";4;5;1;1;1;1;23;3;3;3;3
"838";"Denmark";"National";"Freelancer";NA;5;5;2;4;2;4;12;3;3;2;2
"839";"Germany";"Regional";"Freelancer";NA;2;3;1;2;1;1;34;3;3;1;3
"840";"Austria";"National";"Full-time";"Permanent";4;5;1;2;2;2;18;3;3;3;3
"841";"UK";"Local";"Full-time";"Permanent";4;4;1;2;2;2;NA;2;2;2;2
"842";"Denmark";"National";"Full-time";"Permanent";4;4;2;2;4;2;30;4;4;4;4
"843";"Germany";"Regional";"Full-time";"Permanent";4;5;1;4;1;1;14;4;4;3;3
"844";"Denmark";"National";"Freelancer";NA;4;4;4;4;4;4;3;3;3;3;3
"845";"Germany";"Regional";"Full-time";"Permanent";3;5;1;3;2;2;23;3;2;2;2
"846";"Switzerland";"Local";"Full-time";"Permanent";4;4;1;4;2;3;13;3;3;2;2
"847";"Germany";"Local";"Freelancer";NA;3;5;2;4;2;2;4;2;2;2;2
"848";"Denmark";"Local";"Full-time";"Temporary";3;3;1;1;1;1;28;3;3;2;3
"849";"Denmark";"Regional";"Part-time";"Permanent";4;3;5;4;4;1;30;3;3;2;3
"850";"Switzerland";"Regional";"Full-time";"Permanent";4;4;1;1;1;1;12;2;2;2;2
"851";"Austria";"Regional";"Full-time";"Permanent";4;5;1;3;3;2;20;4;3;3;3
"852";"Switzerland";"Local";"Part-time";"Permanent";4;4;1;4;1;2;20;4;4;3;2
"853";"Denmark";"Local";"Freelancer";NA;4;5;2;3;3;2;43;2;1;3;2
"854";"Germany";"Regional";"Freelancer";NA;4;4;1;1;2;1;7;4;3;3;3
"855";"Austria";"National";"Full-time";"Permanent";3;4;1;1;3;1;13;3;3;3;3
"856";"Austria";"National";"Full-time";"Temporary";4;5;1;3;3;3;16;3;2;2;2
"857";"Denmark";"Local";"Freelancer";NA;4;4;1;1;1;1;45;2;2;1;1
"858";"Denmark";"National";"Full-time";"Permanent";3;2;1;2;2;4;10;2;3;3;2
"859";"Germany";"National";"Full-time";"Permanent";4;5;1;1;1;5;35;2;1;1;1
"860";"UK";"National";"Freelancer";NA;4;4;1;4;2;4;3;1;1;1;1
"861";"Austria";"National";"Full-time";"Permanent";4;4;1;2;3;2;3;3;3;3;3
"862";"Austria";"Regional";"Full-time";"Permanent";4;4;1;3;5;1;18;4;2;1;2
"863";"UK";"Regional";"Full-time";"Permanent";5;5;1;2;1;1;30;3;3;3;3
"864";"Denmark";"National";"Full-time";"Permanent";4;4;5;5;4;2;33;4;2;2;2
"865";"Germany";"Local";"Full-time";"Permanent";5;5;1;4;4;2;40;4;4;4;4
"866";"UK";"Transnational";"Part-time";"Permanent";5;5;2;5;3;2;40;4;4;3;3
"867";"UK";"Local";"Full-time";"Permanent";4;4;1;2;2;1;32;3;3;2;2
"868";"Austria";"National";"Full-time";"Permanent";4;4;2;5;4;2;8;3;3;3;2
"869";"Switzerland";"Regional";"Full-time";"Permanent";4;4;1;4;2;4;10;3;3;2;2
"870";"Denmark";"Regional";"Freelancer";NA;3;4;1;5;4;2;2;3;2;2;2
"871";"UK";"Transnational";"Full-time";"Permanent";3;4;1;2;1;1;5;3;3;3;2
"872";"Switzerland";"Local";"Full-time";"Permanent";4;4;2;4;2;2;15;3;4;3;3
"873";"Denmark";"National";"Freelancer";NA;3;3;4;1;4;1;12;4;2;2;3
"874";"Denmark";"Regional";"Full-time";"Permanent";4;4;2;2;4;4;35;2;2;1;2
"875";"Austria";"Regional";"Full-time";"Permanent";4;4;1;2;2;2;12;3;3;3;3
"876";"Austria";"Regional";"Full-time";"Permanent";4;4;3;5;3;3;23;2;2;2;2
"877";"Denmark";"National";"Full-time";"Permanent";4;4;1;4;2;4;27;3;2;1;3
"878";"Germany";"Local";"Full-time";"Temporary";4;5;2;5;3;2;4;3;3;2;3
"879";"Denmark";"National";"Freelancer";NA;3;5;3;5;5;3;25;1;1;1;2
"880";"UK";"Regional";"Full-time";"Permanent";5;5;1;4;4;2;26;3;3;3;3
"881";"Switzerland";"National";"Full-time";"Permanent";4;4;1;5;2;3;25;2;2;3;2
"882";"Austria";"National";"Full-time";"Permanent";4;4;2;4;3;2;6;3;3;2;2
"883";"Denmark";"National";"Full-time";"Permanent";4;4;2;4;4;2;20;4;4;3;3
"884";"Austria";"National";"Full-time";"Permanent";4;4;1;1;1;1;16;4;4;4;4
"885";"UK";"National";"Full-time";"Permanent";5;5;2;5;4;2;7;3;3;3;2
"886";"UK";"Transnational";"Freelancer";NA;5;3;1;4;5;4;11;3;2;2;1
"887";"UK";"National";"Full-time";"Permanent";4;4;1;3;2;1;15;3;3;2;2
"888";"Denmark";"Local";"Full-time";"Temporary";2;2;1;4;4;3;38;4;2;2;2
"889";"Germany";"National";"Full-time";"Permanent";3;3;1;5;3;1;17;4;4;2;2
"890";"UK";"Regional";"Full-time";"Permanent";4;4;2;5;5;4;12;3;3;3;3
"891";"UK";"Transnational";"Full-time";"Permanent";5;5;1;1;1;1;20;2;2;2;2
"892";"Denmark";"National";"Full-time";"Permanent";4;4;1;1;1;1;8;3;3;3;3
"893";"Austria";"National";"Freelancer";NA;4;4;1;1;1;1;16;4;3;2;3
"894";"Denmark";"Local";"Full-time";"Permanent";4;4;1;1;2;2;5;3;2;1;2
"895";"Austria";"Regional";"Freelancer";NA;2;4;1;2;2;1;24;3;3;3;3
"896";"UK";"National";"Freelancer";NA;4;5;1;4;1;1;15;1;1;1;2
"897";"Austria";"National";"Full-time";"Permanent";4;4;1;2;1;1;28;3;3;2;2
"898";"Switzerland";"Local";"Full-time";"Permanent";4;5;2;2;1;1;13;2;3;2;2
"899";"Switzerland";"Regional";"Full-time";"Permanent";3;4;2;4;3;3;35;3;3;2;3
"900";"Denmark";"National";"Full-time";"Temporary";1;3;4;4;2;4;4;2;1;2;2
"901";"UK";"National";"Full-time";"Permanent";5;5;1;3;2;2;15;1;1;1;1
"902";"Switzerland";"National";"Full-time";"Permanent";4;4;1;5;4;2;15;4;4;3;3
"903";"UK";"Transnational";"Full-time";"Permanent";4;4;1;4;4;5;7;2;2;2;2
"904";"Germany";"Regional";"Freelancer";NA;4;3;1;2;2;1;19;4;2;3;3
"905";"Germany";"Local";"Full-time";"Permanent";4;4;1;2;1;2;17;3;2;1;3
"906";"Denmark";"National";"Full-time";"Permanent";4;4;2;2;2;2;8;3;3;3;3
"907";"Denmark";"Local";"Full-time";"Permanent";3;3;1;3;2;5;7;4;2;2;3
"908";"Switzerland";"Regional";"Full-time";"Permanent";3;4;3;5;3;2;1;3;3;1;1
"909";"Switzerland";"National";"Full-time";"Permanent";4;4;1;5;3;3;18;4;4;3;3
"910";"Austria";"National";"Full-time";"Permanent";4;4;1;5;3;2;39;4;2;2;1
"911";"Switzerland";"Local";"Part-time";"Permanent";4;4;2;2;1;2;35;3;3;2;2
"912";"Austria";"Regional";"Full-time";"Permanent";4;4;2;3;2;2;5;3;3;3;3
"913";"Austria";"Regional";"Part-time";"Permanent";4;4;2;3;2;2;9;3;3;2;2
"914";"Germany";"National";"Full-time";"Permanent";3;4;1;2;2;1;4;2;2;2;2
"915";"Austria";"Regional";"Part-time";"Permanent";3;4;3;4;2;4;15;4;3;3;2
"916";"UK";"National";"Part-time";"Permanent";3;4;1;5;5;3;15;4;4;3;3
"917";"Switzerland";"National";"Full-time";"Permanent";4;4;2;4;2;3;10;3;2;3;2
"918";"Austria";"Regional";"Full-time";"Permanent";4;5;1;2;1;2;8;3;2;2;2
"919";"Switzerland";"National";"Full-time";"Permanent";3;4;2;3;2;3;4;3;3;2;3
"920";"Switzerland";"Regional";"Full-time";"Permanent";4;4;2;3;2;4;21;5;4;4;4
"921";"Switzerland";"National";"Full-time";"Permanent";4;4;1;5;5;1;22;3;3;3;3
"922";"UK";"National";"Full-time";"Permanent";3;3;2;5;4;5;8;3;3;2;2
"923";"Germany";"National";"Full-time";"Permanent";4;4;2;3;1;2;25;4;4;2;3
"924";"UK";"Regional";"Full-time";"Temporary";3;3;1;5;4;4;5;2;2;2;2
"925";"Denmark";"Regional";"Full-time";"Permanent";5;5;1;4;2;1;26;3;3;3;3
"926";"Denmark";"Regional";"Full-time";"Permanent";4;4;2;3;2;3;5;4;3;3;3
"927";"UK";"National";"Full-time";"Permanent";3;2;2;4;2;4;3;3;2;2;2
"928";"Denmark";"National";"Full-time";NA;2;2;1;4;5;4;19;2;3;2;2
"929";"Denmark";"Regional";"Full-time";"Permanent";4;5;1;1;2;3;10;2;3;2;3
"930";"Germany";"Local";"Full-time";"Permanent";4;5;2;2;1;2;22;4;4;3;3
"931";"Denmark";"National";"Full-time";"Permanent";4;4;1;3;1;1;23;4;3;2;3
"932";"Denmark";"Regional";"Full-time";"Permanent";4;5;2;4;2;2;10;2;2;2;2
"933";"Austria";"National";"Part-time";"Permanent";4;4;1;4;3;2;24;2;3;2;2
"934";"Denmark";"National";"Freelancer";NA;2;3;1;2;1;3;4;1;1;1;1
"935";"Denmark";"Regional";"Full-time";"Permanent";4;4;1;2;2;4;25;3;3;1;2
"936";"Denmark";"National";"Full-time";"Permanent";4;3;3;2;2;4;32;3;2;2;2
"937";"Germany";"Regional";"Full-time";"Permanent";5;5;1;5;5;4;25;4;4;3;3
"938";"Austria";"National";"Full-time";"Permanent";4;4;1;1;1;1;25;3;3;3;3
"939";"Switzerland";"National";"Full-time";"Permanent";5;5;1;4;2;3;29;3;3;2;2
"940";"Switzerland";"National";"Full-time";"Permanent";4;5;1;2;2;3;14;4;4;3;3
"941";"Austria";"National";"Full-time";"Permanent";5;5;1;1;1;2;25;2;2;2;2
"942";"Austria";"National";"Full-time";"Permanent";4;5;1;2;1;1;35;4;4;3;2
"943";"Denmark";"National";"Freelancer";NA;1;3;1;1;1;1;20;4;3;3;3
"944";"Denmark";"National";"Full-time";"Permanent";5;5;2;5;4;2;5;3;2;2;2
"945";"Germany";"Regional";"Full-time";"Permanent";4;5;2;4;2;2;5;3;3;4;3
"946";"Denmark";"National";"Full-time";"Permanent";5;5;5;1;1;1;27;3;3;2;3
"947";"Switzerland";"Regional";"Full-time";"Permanent";4;5;1;2;2;1;1;4;4;2;3
"948";"Switzerland";"Local";"Freelancer";NA;3;4;1;1;1;1;19;2;3;2;2
"949";"Denmark";"Local";"Full-time";"Permanent";4;3;2;5;5;5;7;2;1;1;1
"950";"Switzerland";"National";"Part-time";"Permanent";4;4;3;3;3;2;18;3;3;2;2
"951";"UK";"Transnational";"Full-time";"Permanent";4;4;2;5;3;3;2;2;2;2;2
"952";"Switzerland";"National";"Part-time";"Permanent";2;1;2;3;2;3;2;4;4;3;3
"953";"Austria";"Regional";"Full-time";"Permanent";5;4;1;2;1;1;22;2;3;2;3
"954";"Germany";"Regional";"Full-time";"Temporary";4;4;1;5;1;1;27;5;4;3;3
"955";"UK";"Transnational";"Full-time";"Permanent";4;4;1;4;2;2;16;4;4;3;3
"956";"Germany";"Local";"Full-time";"Permanent";3;5;1;2;1;2;18;4;4;4;4
"957";"Austria";"Regional";"Full-time";"Permanent";4;4;1;2;2;2;6;2;2;2;2
"958";"Denmark";"National";"Full-time";"Permanent";4;4;3;5;4;5;44;2;1;2;1
"959";"Austria";"National";"Full-time";"Permanent";4;5;1;5;1;1;18;2;2;1;2
"960";"Germany";"Local";"Full-time";"Permanent";5;5;1;2;1;3;40;3;4;3;3
"961";"Denmark";"National";"Full-time";"Permanent";3;4;4;2;2;4;4;1;1;1;1
"962";"Denmark";"National";"Freelancer";NA;4;4;2;2;2;4;15;3;4;3;3
"963";"Switzerland";"National";"Part-time";"Permanent";3;3;1;4;2;3;2;4;4;3;3
"964";"Germany";"Local";"Full-time";"Temporary";4;5;1;5;1;1;3;5;5;3;3
"965";"Switzerland";"Local";"Full-time";"Permanent";4;4;1;4;2;2;5;3;4;2;2
"966";"Germany";"Local";"Full-time";"Permanent";4;5;3;3;2;3;35;3;3;3;3
"967";"Denmark";"National";"Full-time";"Permanent";5;4;4;5;5;5;3;2;3;2;2
"968";"Austria";"National";"Full-time";"Permanent";5;5;1;2;2;1;25;3;3;2;3
"969";"Germany";"Local";"Full-time";"Permanent";4;4;2;2;2;1;25;3;3;3;3
"970";"Denmark";"Regional";"Full-time";"Permanent";5;5;5;1;1;1;32;4;2;2;2
"971";"Switzerland";"Regional";"Full-time";"Permanent";5;5;1;1;4;1;35;2;3;2;2
"972";"Switzerland";"Local";"Full-time";"Permanent";4;4;2;2;3;2;15;4;4;3;3
"973";"UK";"Transnational";"Full-time";"Permanent";5;5;1;4;2;3;23;2;2;2;2
"974";"Denmark";"National";"Freelancer";NA;1;1;1;4;4;2;21;4;2;2;3
"975";"Austria";"National";"Full-time";"Permanent";4;4;1;4;5;2;5;2;2;2;2
"976";"UK";"National";"Freelancer";NA;3;5;1;5;3;3;20;3;3;3;3
"977";"Switzerland";"Regional";"Full-time";"Permanent";4;4;4;5;4;1;23;3;3;2;2
"978";"Denmark";"National";"Full-time";"Permanent";4;4;4;4;3;4;4;3;2;3;3
"979";"Germany";"Local";"Full-time";"Permanent";3;5;2;4;4;3;25;5;4;3;3
"980";"Switzerland";"Regional";"Full-time";"Permanent";4;4;2;4;2;3;25;4;4;2;3
"981";"Denmark";"National";"Full-time";NA;4;4;4;2;4;4;30;2;2;3;2
"982";"UK";"Transnational";"Full-time";"Permanent";5;5;1;5;3;3;36;4;3;2;2
"983";"Switzerland";"Local";"Part-time";"Permanent";4;4;2;5;2;2;7;4;5;3;3
"984";"Austria";"Regional";"Full-time";"Permanent";4;4;1;3;3;2;6;1;1;1;1
"985";"Denmark";"National";"Freelancer";NA;3;4;4;2;4;4;27;4;3;3;3
"986";"Denmark";"Regional";"Part-time";"Permanent";3;4;1;3;3;4;16;2;2;1;1
"987";"UK";"Transnational";"Full-time";"Permanent";5;5;1;2;4;2;15;4;3;3;3
"988";"Denmark";"National";"Full-time";"Permanent";5;5;1;4;4;4;22;3;3;2;2
"989";"Austria";"Regional";"Full-time";"Permanent";4;5;1;2;1;2;20;3;2;2;3
"990";"Austria";"Regional";"Full-time";"Permanent";4;4;1;4;2;2;5;4;2;2;3
"991";"Switzerland";"Regional";"Part-time";"Permanent";3;3;3;3;2;3;14;3;2;3;3
"992";"Denmark";"Regional";"Full-time";"Permanent";4;4;1;2;1;2;15;3;4;2;2
"993";"Denmark";"National";"Full-time";"Permanent";4;4;3;5;4;3;22;2;1;1;1
"994";"Denmark";"Transnational";"Freelancer";NA;5;4;1;3;5;5;10;1;1;1;1
"995";"Germany";"National";"Full-time";"Permanent";3;4;2;3;2;2;4;4;3;2;2
"996";"Denmark";"Regional";"Full-time";"Permanent";5;5;5;5;5;5;6;3;3;3;3
"997";"Denmark";"Regional";"Full-time";"Permanent";4;4;2;5;4;5;43;3;3;1;2
"998";"Switzerland";"Transnational";"Full-time";"Permanent";4;4;1;3;4;1;30;3;3;3;3
"999";"Austria";"Regional";"Full-time";"Permanent";4;5;1;3;2;2;45;2;1;1;2
"1000";"Denmark";"National";"Full-time";"Permanent";3;3;2;2;2;5;12;3;1;1;1
"1001";"Switzerland";"Regional";"Part-time";"Permanent";4;5;1;5;2;3;4;4;4;3;3
"1002";"Switzerland";"National";"Full-time";"Permanent";3;4;1;3;2;3;6;3;3;3;3
"1003";"Austria";"National";"Full-time";"Permanent";3;4;1;2;2;1;19;2;2;2;2
"1004";"Switzerland";"Local";"Full-time";"Permanent";4;4;1;4;4;2;24;4;4;3;4
"1005";"Denmark";"National";"Full-time";"Permanent";3;2;2;2;2;4;8;3;2;4;3
"1006";"Denmark";"Regional";"Full-time";"Temporary";3;3;2;3;3;4;8;3;3;3;3
"1007";"Austria";"Regional";"Full-time";"Permanent";4;5;1;4;2;2;3;4;4;3;3
"1008";"Switzerland";"National";"Full-time";"Permanent";5;5;1;2;2;2;29;3;3;3;3
"1009";"Denmark";"National";"Freelancer";NA;4;5;2;2;4;4;22;2;2;2;2
"1010";"Austria";"National";"Full-time";"Permanent";4;4;1;2;3;3;20;4;4;3;3
"1011";"Denmark";"Regional";"Full-time";"Permanent";4;5;2;2;1;4;23;3;3;2;2
"1012";"Switzerland";"Regional";"Part-time";"Permanent";4;3;2;3;2;1;3;3;3;3;3
"1013";"Germany";"Local";"Full-time";"Permanent";5;5;1;3;3;4;15;4;3;2;2
"1014";"Austria";"National";"Full-time";"Permanent";5;5;2;3;1;4;19;2;3;2;2
"1015";"Switzerland";"National";"Part-time";NA;4;3;2;2;1;2;20;3;3;3;2
"1016";"Germany";"Regional";"Full-time";"Permanent";5;5;1;3;3;1;31;3;3;2;2
"1017";"Denmark";"Regional";"Full-time";"Permanent";5;5;2;2;3;4;25;4;3;2;3
"1018";"Denmark";"National";"Full-time";"Permanent";3;3;2;2;4;4;3;2;1;1;1
"1019";"UK";"Regional";"Part-time";"Permanent";3;3;1;5;4;3;20;3;3;3;3
"1020";"Germany";"Regional";"Full-time";"Permanent";4;5;1;4;2;1;36;5;4;3;3
"1021";"Germany";"Regional";"Full-time";"Permanent";4;4;3;4;2;1;20;1;2;1;1
"1022";"Switzerland";"Local";"Full-time";"Permanent";4;4;2;2;1;2;12;3;3;2;3
"1023";"Denmark";"Regional";"Full-time";"Permanent";5;5;2;5;4;4;24;4;3;3;3
"1024";"Austria";"National";"Part-time";"Permanent";3;4;1;4;4;3;25;4;4;3;3
"1025";"Germany";"National";"Full-time";"Permanent";4;5;1;2;4;2;40;4;4;3;3
"1026";"Denmark";"Regional";"Full-time";"Temporary";4;4;4;4;4;3;3;4;3;3;3
"1027";"Germany";"Local";"Freelancer";NA;4;4;1;4;4;3;5;4;4;3;3
"1028";"Denmark";"National";"Full-time";"Permanent";4;4;1;3;2;1;22;2;2;2;2
"1029";"Denmark";"Regional";"Full-time";"Permanent";4;4;1;4;5;4;10;2;2;2;3
"1030";"UK";"Transnational";"Full-time";"Permanent";4;4;2;4;4;4;14;3;3;3;3
"1031";"UK";"Transnational";"Full-time";"Permanent";2;3;1;4;1;4;3;1;1;1;1
"1032";"Switzerland";"National";"Full-time";"Permanent";4;4;3;4;3;2;36;3;2;2;2
"1033";"Denmark";"National";"Part-time";"Permanent";5;5;1;5;2;5;42;3;3;2;2
"1034";"Denmark";"National";"Full-time";"Permanent";5;4;2;2;2;4;29;3;3;2;2
"1035";"Germany";"Regional";"Full-time";"Permanent";5;5;2;4;1;2;35;3;3;3;3
"1036";"Denmark";"Regional";"Full-time";"Permanent";4;4;1;1;1;1;40;5;3;2;3
"1037";"Switzerland";"Regional";"Full-time";"Permanent";5;4;2;5;5;3;2;2;2;2;2
"1038";"Austria";"National";"Full-time";"Permanent";5;4;1;3;2;1;9;4;4;3;3
"1039";"Switzerland";"Regional";"Full-time";"Permanent";4;4;1;4;2;2;7;4;4;3;3
"1040";"Switzerland";"Local";"Full-time";"Permanent";4;4;2;4;2;4;2;3;3;3;3
"1041";"Switzerland";"Local";"Full-time";"Permanent";4;4;3;5;3;5;2;3;4;2;2
"1042";"Switzerland";"Regional";"Part-time";"Permanent";4;4;1;4;2;4;5;4;4;2;3
"1043";"Germany";"National";"Full-time";"Permanent";3;2;1;2;1;2;8;3;2;2;2
"1044";"Switzerland";"National";"Full-time";"Permanent";4;4;1;4;3;4;30;2;3;2;2
"1045";"Denmark";"National";"Full-time";"Permanent";4;3;1;1;5;1;35;3;3;3;3
"1046";"UK";"National";"Full-time";"Permanent";4;4;1;2;4;4;26;3;3;3;3
"1047";"Austria";"National";"Full-time";"Permanent";4;4;1;2;2;2;25;4;4;3;3
"1048";"Germany";"Local";"Freelancer";NA;2;2;1;4;3;1;15;3;3;3;3
"1049";"Denmark";"National";"Freelancer";NA;4;3;1;2;2;4;15;5;4;2;3
"1050";"Switzerland";"National";"Full-time";"Temporary";3;5;1;3;2;1;3;2;2;3;3
"1051";"UK";"Local";"Full-time";"Permanent";5;5;2;4;4;2;20;3;3;3;3
"1052";"Germany";"Regional";"Full-time";"Permanent";3;3;2;2;1;2;15;4;3;2;2
"1053";"Germany";"Local";"Full-time";"Permanent";5;4;2;5;3;4;17;4;3;3;2
"1054";"Austria";"Regional";"Full-time";"Permanent";4;4;1;1;1;1;16;3;3;3;3
"1055";"Denmark";"National";"Freelancer";NA;4;4;1;1;1;3;10;3;3;3;3
"1056";"Switzerland";"Regional";"Freelancer";NA;4;3;2;2;2;2;12;3;3;2;3
"1057";"Switzerland";"Regional";"Part-time";"Permanent";4;4;2;2;2;1;13;3;2;3;3
"1058";"Germany";"National";"Freelancer";NA;4;5;1;2;2;1;31;4;4;4;3
"1059";"Germany";"National";"Full-time";"Permanent";5;5;2;2;1;3;10;4;3;4;4
"1060";"UK";"National";"Freelancer";NA;NA;4;2;4;4;5;8;3;3;3;3
"1061";"Denmark";"Local";"Freelancer";NA;5;4;3;4;3;4;40;2;2;2;2
"1062";"Switzerland";"Regional";"Full-time";"Permanent";4;4;1;3;1;2;15;5;5;3;3
"1063";"Denmark";"Regional";"Full-time";"Temporary";4;4;1;2;2;3;4;2;2;2;2
"1064";"Denmark";"National";"Full-time";"Permanent";2;3;1;2;4;3;10;4;3;3;3
"1065";"Switzerland";"Regional";"Full-time";"Permanent";4;5;2;4;2;4;18;4;4;3;3
"1066";"Germany";"Regional";"Full-time";"Permanent";3;4;1;2;2;1;6;4;4;3;3
"1067";"Denmark";"National";"Full-time";"Permanent";4;4;2;4;4;4;34;4;3;3;3
"1068";"Denmark";"National";"Freelancer";NA;4;4;1;1;2;4;39;2;2;1;1
"1069";"Austria";"National";"Full-time";"Permanent";5;5;2;2;4;1;11;1;3;2;1
"1070";"UK";"Transnational";"Full-time";"Permanent";4;5;1;1;1;3;28;3;2;2;2
"1071";"Denmark";"Local";"Freelancer";NA;1;4;1;2;4;1;30;3;3;3;2
"1072";"Denmark";"National";"Full-time";"Permanent";4;4;4;3;3;4;17;3;3;3;3
"1073";"Switzerland";"National";"Part-time";"Permanent";4;4;1;3;2;2;15;4;4;3;4
"1074";"Denmark";"Regional";"Full-time";"Permanent";3;3;2;4;4;2;38;3;2;2;2
"1075";"Austria";"Regional";"Full-time";"Permanent";4;4;1;3;1;2;16;4;3;3;4
"1076";"Switzerland";"National";"Full-time";"Permanent";5;5;1;2;2;3;13;2;3;1;1
"1077";"Denmark";"National";"Freelancer";NA;4;4;4;4;4;4;24;3;3;3;2
"1078";"Denmark";"National";"Freelancer";NA;4;4;3;4;4;4;10;3;2;1;2
"1079";"Switzerland";"National";"Part-time";"Permanent";3;4;1;1;2;1;30;4;4;2;2
"1080";"Germany";"Local";"Full-time";"Permanent";5;5;1;4;3;3;22;3;3;3;3
"1081";"Denmark";"National";"Full-time";"Permanent";5;5;2;5;2;5;12;2;3;2;2
"1082";"Germany";"Regional";"Full-time";"Permanent";3;3;1;4;2;1;10;4;4;4;4
"1083";"Denmark";"National";"Freelancer";NA;4;4;1;2;2;4;11;3;2;1;2
"1084";"Denmark";"National";"Full-time";"Permanent";2;2;1;4;4;4;25;3;3;3;2
"1085";"Denmark";"National";"Full-time";"Permanent";5;4;3;1;1;1;27;3;1;1;3
"1086";"Switzerland";"Regional";"Full-time";"Permanent";4;4;1;2;1;2;5;3;3;3;1
"1087";"Denmark";"National";"Full-time";"Permanent";3;4;5;5;4;4;5;2;2;3;3
"1088";"Switzerland";"National";"Full-time";"Permanent";4;4;2;4;3;3;10;2;2;2;2
"1089";"Denmark";"Regional";"Full-time";"Permanent";4;4;2;1;1;1;27;4;2;3;3
"1090";"UK";"Transnational";"Full-time";"Permanent";4;3;1;4;1;3;20;4;4;4;4
"1091";"Austria";"National";"Part-time";"Permanent";4;5;1;2;2;2;20;2;2;2;2
"1092";"UK";"Regional";"Freelancer";NA;5;5;2;4;4;4;4;2;1;2;2
"1093";"Denmark";"Regional";"Full-time";"Permanent";3;4;4;5;4;5;2;4;4;3;4
"1094";"UK";"Transnational";"Full-time";"Permanent";1;3;1;4;2;2;34;2;2;2;2
"1095";"Switzerland";"Local";"Full-time";"Permanent";4;4;1;4;2;2;13;3;4;3;3
"1096";"Germany";"National";"Full-time";"Permanent";4;4;1;1;1;3;8;4;3;3;3
"1097";"Denmark";"National";"Full-time";"Permanent";3;3;2;2;2;2;30;4;3;3;3
"1098";"UK";"Transnational";"Freelancer";NA;4;4;2;5;4;4;10;4;4;4;3
"1099";"Austria";"National";"Full-time";"Permanent";3;3;2;3;1;2;7;4;4;2;3
"1100";"UK";"National";"Full-time";"Permanent";4;5;1;4;4;4;26;2;2;2;2
"1101";"Denmark";"National";"Full-time";"Permanent";4;5;4;4;3;4;20;2;2;3;2
"1102";"Austria";"National";"Full-time";"Permanent";5;5;1;4;4;1;11;4;3;2;2
"1103";"Germany";"Regional";"Full-time";"Permanent";4;4;1;2;2;2;39;3;3;3;3
"1104";"Denmark";"National";"Full-time";"Permanent";3;4;3;3;3;4;12;3;3;2;3
"1105";"Denmark";"National";"Full-time";"Permanent";4;4;1;2;2;3;11;3;3;3;3
"1106";"Austria";"National";"Full-time";"Permanent";4;4;1;2;1;2;28;4;3;3;3
"1107";"Switzerland";"Regional";"Full-time";"Permanent";2;2;2;3;3;5;25;3;3;2;2
"1108";"Austria";"National";"Full-time";"Permanent";3;3;1;2;2;2;18;2;2;2;2
"1109";"UK";"Local";"Full-time";"Permanent";5;5;2;4;2;4;2;3;3;3;4
"1110";"Denmark";"National";"Full-time";"Temporary";3;4;2;4;2;4;5;3;3;3;2
"1111";"Denmark";"National";"Full-time";"Permanent";3;1;2;4;4;4;27;3;2;2;2
"1112";"UK";"Transnational";"Full-time";"Permanent";4;4;1;4;3;2;5;2;1;3;3
"1113";"Denmark";"National";"Full-time";"Permanent";4;4;1;2;2;1;12;3;2;2;3
"1114";"Denmark";"Local";"Freelancer";NA;3;5;1;1;4;1;28;2;2;2;1
"1115";"Austria";"Regional";"Full-time";"Permanent";4;4;1;3;1;2;9;2;2;1;1
"1116";"Switzerland";"Regional";"Full-time";"Permanent";4;5;2;3;3;1;12;3;4;1;3
"1117";"Denmark";"National";"Full-time";"Permanent";4;4;2;4;2;3;1;3;3;3;2
"1118";"Austria";"National";"Full-time";"Permanent";4;4;1;1;2;1;20;3;3;2;2
"1119";"Germany";"Local";"Full-time";"Permanent";4;4;2;3;3;3;5;2;2;2;2
"1120";"Switzerland";"Regional";"Part-time";"Permanent";5;5;1;5;1;1;3;4;4;3;3
"1121";"Denmark";"National";"Full-time";"Temporary";2;2;3;3;3;3;10;2;2;2;2
"1122";"Denmark";"Regional";"Full-time";"Permanent";3;4;2;4;3;4;30;2;2;2;2
"1123";"Switzerland";"National";"Part-time";"Permanent";4;5;1;5;2;2;24;3;3;3;3
"1124";"Denmark";"Regional";"Full-time";"Permanent";5;5;2;4;4;4;21;3;3;3;3
"1125";"Austria";"Local";"Freelancer";NA;4;4;3;4;2;4;29;2;2;1;2
"1126";"UK";"National";"Full-time";"Permanent";4;5;1;4;4;4;31;3;3;3;3
"1127";"Switzerland";"National";"Part-time";"Permanent";4;4;2;3;2;2;25;3;3;2;3
"1128";"Switzerland";"Local";"Part-time";"Temporary";4;4;2;2;2;2;25;3;3;2;2
"1129";"Denmark";"National";"Freelancer";NA;5;4;1;4;5;3;17;4;3;3;3
"1130";"UK";"Transnational";"Full-time";"Permanent";5;5;1;1;1;1;22;3;2;1;3
"1131";"Germany";"Regional";"Freelancer";NA;4;5;1;3;2;2;20;3;3;3;3
"1132";"Germany";"National";"Full-time";"Permanent";4;5;2;3;2;1;25;5;4;2;4
"1133";"Austria";"Local";"Freelancer";NA;3;3;1;1;1;1;20;4;3;2;1
"1134";"Denmark";"National";"Full-time";"Permanent";4;4;3;3;3;3;8;3;2;2;2
"1135";"Denmark";"National";"Full-time";"Permanent";3;4;1;4;4;3;19;3;4;3;3
"1136";"Germany";"Regional";"Full-time";"Temporary";3;4;3;5;3;2;1;3;3;2;2
"1137";"UK";"Local";"Full-time";"Permanent";5;5;1;1;1;1;27;4;3;3;3
"1138";"UK";"Transnational";"Full-time";"Permanent";5;5;2;5;4;4;12;4;4;2;2
"1139";"Austria";"National";"Full-time";"Permanent";4;4;1;3;4;2;10;3;4;3;3
"1140";"Switzerland";"Regional";"Full-time";"Temporary";4;5;2;5;2;2;8;3;3;3;3
"1141";"UK";"Local";"Full-time";"Permanent";4;4;1;5;2;1;29;2;1;2;3
"1142";"Austria";"National";"Freelancer";NA;4;2;1;4;3;3;3;4;4;3;3
"1143";"Austria";"Regional";"Full-time";"Permanent";5;4;1;5;2;1;40;4;3;3;3
"1144";"UK";"National";"Full-time";"Permanent";4;4;1;4;2;3;18;3;3;2;3
"1145";"Switzerland";"National";"Full-time";"Permanent";4;5;1;5;3;3;10;4;4;2;2
"1146";"Switzerland";"National";"Part-time";"Permanent";4;4;1;1;1;1;5;3;4;3;3
"1147";"Germany";"National";"Full-time";"Permanent";4;4;3;4;2;5;16;3;3;2;3
"1148";"Austria";"National";"Full-time";"Permanent";4;4;1;5;2;2;15;4;3;2;2
"1149";"UK";"Transnational";"Part-time";"Permanent";4;4;1;1;1;1;9;4;4;3;3
"1150";"Austria";"Local";"Full-time";"Permanent";3;3;1;4;4;1;23;2;2;2;2
"1151";"Switzerland";"National";"Full-time";"Permanent";3;4;1;1;2;1;5;4;4;3;3
"1152";"Germany";"Local";"Full-time";"Permanent";3;4;1;4;3;1;20;3;3;3;2
"1153";"Denmark";"National";"Full-time";"Permanent";5;5;1;1;1;3;25;3;3;3;3
"1154";"Switzerland";"Regional";"Full-time";"Permanent";4;4;2;4;1;2;9;3;4;3;2
"1155";"UK";"Transnational";"Full-time";"Permanent";4;5;2;4;2;3;11;3;3;3;3
"1156";"Germany";"National";"Full-time";"Permanent";3;4;2;5;3;2;19;4;3;2;3
"1157";"UK";"Transnational";"Full-time";"Permanent";5;5;1;4;4;2;25;2;2;2;2
"1158";"UK";"National";"Full-time";"Permanent";4;4;1;4;4;3;24;2;2;1;2
"1159";"Austria";"National";"Freelancer";NA;5;4;1;3;2;1;22;3;2;2;2
"1160";"Austria";"National";"Full-time";"Permanent";5;5;1;1;1;1;20;3;3;2;2
"1161";"UK";"Transnational";"Full-time";"Permanent";4;3;1;2;1;4;2;3;3;3;2
"1162";"Denmark";"Regional";"Full-time";"Permanent";4;4;2;2;2;2;21;3;3;2;2
"1163";"Switzerland";"National";"Part-time";"Permanent";4;4;2;2;2;1;33;3;3;2;3
"1164";"UK";"National";"Full-time";"Permanent";3;3;1;5;3;3;10;3;3;3;3
"1165";"Denmark";"National";"Full-time";"Permanent";4;NA;1;2;3;1;44;3;2;2;2
"1166";"UK";"Local";"Part-time";"Permanent";4;5;4;5;4;3;4;3;2;2;3
"1167";"Germany";"Regional";"Full-time";"Permanent";5;5;1;2;1;4;35;3;3;3;3
"1168";"Denmark";"National";"Freelancer";NA;3;4;1;1;1;1;29;3;3;3;3
"1169";"Austria";"Regional";"Full-time";"Permanent";4;4;1;1;2;2;6;3;3;2;3
"1170";"Denmark";"National";"Full-time";"Permanent";4;4;2;1;1;2;11;3;3;3;3
"1171";"Austria";"Regional";"Full-time";"Permanent";4;4;1;2;2;2;NA;3;3;3;3
"1172";"Denmark";"National";"Freelancer";NA;4;4;2;3;4;4;40;4;3;3;3
"1173";"Denmark";"National";"Full-time";NA;4;5;3;2;2;2;38;3;3;3;3
"1174";"UK";"Transnational";"Full-time";"Permanent";5;4;1;1;1;1;21;3;3;3;3
"1175";"Austria";"National";"Full-time";"Permanent";3;4;2;5;3;4;20;3;3;1;2
"1176";"Denmark";"National";"Full-time";NA;2;2;5;1;2;1;19;3;4;2;2
"1177";"Austria";"National";"Full-time";"Permanent";4;5;1;2;1;1;34;4;4;3;3
"1178";"Switzerland";"Local";"Full-time";"Permanent";5;5;3;4;2;2;20;3;3;2;3
"1179";"Germany";"Regional";"Full-time";"Permanent";4;5;1;3;1;1;25;4;3;4;4
"1180";"Denmark";"Regional";"Full-time";"Permanent";4;4;2;2;2;4;23;4;3;2;3
"1181";"UK";"Regional";"Full-time";NA;3;4;2;4;4;3;NA;3;3;3;3
"1182";"Germany";"Regional";"Full-time";"Permanent";4;5;2;4;2;3;16;3;3;2;2
"1183";"Germany";"Regional";"Full-time";"Permanent";3;4;3;4;3;2;1;3;4;3;3
"1184";"Denmark";"National";"Freelancer";NA;4;4;2;4;4;4;7;2;3;2;3
"1185";"Germany";"Local";"Full-time";"Permanent";5;5;1;4;2;3;34;3;2;2;3
"1186";"Austria";"National";"Full-time";"Permanent";4;5;1;3;1;2;26;2;2;2;2
"1187";"Switzerland";"Regional";"Full-time";"Permanent";5;5;1;1;1;1;25;3;3;3;3
"1188";"Austria";"National";"Full-time";"Permanent";3;3;1;5;2;3;10;2;2;2;2
"1189";"Denmark";"National";"Full-time";"Permanent";3;4;1;3;5;4;22;3;3;3;3
"1190";"Denmark";"National";"Full-time";NA;4;3;1;1;2;1;35;3;3;2;2
"1191";"Denmark";"National";"Full-time";"Permanent";4;4;1;1;1;1;21;2;3;2;2
"1192";"Germany";"Regional";"Full-time";"Permanent";5;5;2;2;2;2;35;3;3;3;3
"1193";"Switzerland";"Regional";"Full-time";"Permanent";4;4;1;3;2;2;18;3;4;3;3
"1194";"Denmark";"National";"Full-time";"Permanent";5;4;1;5;1;3;35;2;3;2;2
"1195";"UK";"National";"Freelancer";NA;5;4;1;3;5;5;30;4;4;4;4
"1196";"Switzerland";"Regional";"Full-time";"Permanent";4;4;1;4;4;2;4;4;4;3;3
"1197";"Austria";"National";"Full-time";"Permanent";4;4;1;3;3;1;7;3;3;3;3
"1198";"Denmark";"National";"Freelancer";NA;5;4;3;4;3;4;10;1;1;1;1
"1199";"Denmark";"Regional";"Full-time";NA;4;4;3;3;2;3;8;4;3;3;3
"1200";"Denmark";"National";"Full-time";"Permanent";2;3;1;4;1;4;13;4;4;3;3
